"id","venueId","startDate","startTime","description","entryType","entryAId","entryBId","entryAMembershipIds","entryBMembershipIds","winnerId","loserId","winnerMembershipIds","loserMembershipIds","scores","gameScores","eventId","eventName","drawId","drawName","winnerName","loserName","teamA","teamB","rubber"
"a7b00c3b-38aa-4bd0-bd0f-dc0034c295d7|1-2#1","","2026-09-20","10:00 pm","Quarterfinal #3","singles","9af43684-6c7b-4249-a329-d420620d7968|74042","9af43684-6c7b-4249-a329-d420620d7968|10074","fptm|74042","fptm|10074","9af43684-6c7b-4249-a329-d420620d7968|10074","9af43684-6c7b-4249-a329-d420620d7968|74042","fptm|10074","fptm|74042","6,-9,11,-5,8","11-6,9-11,13-11,5-11,11-8","9af43684-6c7b-4249-a329-d420620d7968|division-3","Division 3","a7b00c3b-38aa-4bd0-bd0f-dc0034c295d7","Llave Principal","Grell Collazo, Peter","Medina Diaz, Carlos","R2D2 y C3PO","Los Noris","1"
"a7b00c3b-38aa-4bd0-bd0f-dc0034c295d7|1-2#2","","2026-09-20","10:00 pm","Quarterfinal #3","singles","9af43684-6c7b-4249-a329-d420620d7968|95180","9af43684-6c7b-4249-a329-d420620d7968|19305","fptm|95180","fptm|19305","9af43684-6c7b-4249-a329-d420620d7968|95180","9af43684-6c7b-4249-a329-d420620d7968|19305","fptm|95180","fptm|19305","4,12,-5,7","11-4,14-12,5-11,11-7","9af43684-6c7b-4249-a329-d420620d7968|division-3","Division 3","a7b00c3b-38aa-4bd0-bd0f-dc0034c295d7","Llave Principal","Garcia Ramos, Ian","Cosme Ortiz, Eber","R2D2 y C3PO","Los Noris","2"
"a7b00c3b-38aa-4bd0-bd0f-dc0034c295d7|1-2#4","","2026-09-20","10:00 pm","Quarterfinal #3","singles","9af43684-6c7b-4249-a329-d420620d7968|95180","9af43684-6c7b-4249-a329-d420620d7968|10074","fptm|95180","fptm|10074","9af43684-6c7b-4249-a329-d420620d7968|95180","9af43684-6c7b-4249-a329-d420620d7968|10074","fptm|95180","fptm|10074","3,6,8","11-3,11-6,11-8","9af43684-6c7b-4249-a329-d420620d7968|division-3","Division 3","a7b00c3b-38aa-4bd0-bd0f-dc0034c295d7","Llave Principal","Garcia Ramos, Ian","Grell Collazo, Peter","R2D2 y C3PO","Los Noris","4"
"3607605c-a137-4f8e-b686-4a2367440b79|2-1#1","","2026-09-20","02:00 pm","3rd Place","singles","9af43684-6c7b-4249-a329-d420620d7968|54597","9af43684-6c7b-4249-a329-d420620d7968|36062","fptm|54597","fptm|36062","9af43684-6c7b-4249-a329-d420620d7968|54597","9af43684-6c7b-4249-a329-d420620d7968|36062","fptm|54597","fptm|36062","8,-5,7,9","11-8,5-11,11-7,11-9","9af43684-6c7b-4249-a329-d420620d7968|division-1","Division 1","3607605c-a137-4f8e-b686-4a2367440b79","Llave Principal","Nieves Burgos, Jose","Darley Mejia, Eduardo","Taínos","Los Decifit","1"
"3607605c-a137-4f8e-b686-4a2367440b79|2-1#2","","2026-09-20","02:00 pm","3rd Place","singles","9af43684-6c7b-4249-a329-d420620d7968|81482","9af43684-6c7b-4249-a329-d420620d7968|57052","fptm|81482","fptm|57052","9af43684-6c7b-4249-a329-d420620d7968|81482","9af43684-6c7b-4249-a329-d420620d7968|57052","fptm|81482","fptm|57052","5,10,6","11-5,12-10,11-6","9af43684-6c7b-4249-a329-d420620d7968|division-1","Division 1","3607605c-a137-4f8e-b686-4a2367440b79","Llave Principal","Lopez Velez, Yadier","Ruperto Colon, Dylan","Taínos","Los Decifit","2"
"3607605c-a137-4f8e-b686-4a2367440b79|2-1#4","","2026-09-20","02:00 pm","3rd Place","singles","9af43684-6c7b-4249-a329-d420620d7968|81482","9af43684-6c7b-4249-a329-d420620d7968|36062","fptm|81482","fptm|36062","9af43684-6c7b-4249-a329-d420620d7968|36062","9af43684-6c7b-4249-a329-d420620d7968|81482","fptm|36062","fptm|81482","-7,8,5,10","7-11,11-8,11-5,12-10","9af43684-6c7b-4249-a329-d420620d7968|division-1","Division 1","3607605c-a137-4f8e-b686-4a2367440b79","Llave Principal","Darley Mejia, Eduardo","Lopez Velez, Yadier","Taínos","Los Decifit","4"
"3607605c-a137-4f8e-b686-4a2367440b79|2-1#5","","2026-09-20","02:00 pm","3rd Place","singles","9af43684-6c7b-4249-a329-d420620d7968|54597","9af43684-6c7b-4249-a329-d420620d7968|57052","fptm|54597","fptm|57052","9af43684-6c7b-4249-a329-d420620d7968|54597","9af43684-6c7b-4249-a329-d420620d7968|57052","fptm|54597","fptm|57052","5,8,5","11-5,11-8,11-5","9af43684-6c7b-4249-a329-d420620d7968|division-1","Division 1","3607605c-a137-4f8e-b686-4a2367440b79","Llave Principal","Nieves Burgos, Jose","Ruperto Colon, Dylan","Taínos","Los Decifit","5"
"3607605c-a137-4f8e-b686-4a2367440b79|2-0#1","","2026-09-20","02:00 pm","Final","singles","9af43684-6c7b-4249-a329-d420620d7968|21395","9af43684-6c7b-4249-a329-d420620d7968|14165","fptm|21395","fptm|14165","9af43684-6c7b-4249-a329-d420620d7968|21395","9af43684-6c7b-4249-a329-d420620d7968|14165","fptm|21395","fptm|14165","9,9,8","11-9,11-9,11-8","9af43684-6c7b-4249-a329-d420620d7968|division-1","Division 1","3607605c-a137-4f8e-b686-4a2367440b79","Llave Principal","Birriel Rivera, Oscar","Melendez Lafontaine, Kristal","Jerall Montijo Rivera / Oscar Birriel Rivera","Los Casi Profesionales","1"
"3607605c-a137-4f8e-b686-4a2367440b79|2-0#2","","2026-09-20","02:00 pm","Final","singles","9af43684-6c7b-4249-a329-d420620d7968|24592","9af43684-6c7b-4249-a329-d420620d7968|42098","fptm|24592","fptm|42098","9af43684-6c7b-4249-a329-d420620d7968|42098","9af43684-6c7b-4249-a329-d420620d7968|24592","fptm|42098","fptm|24592","-8,8,8,8","8-11,11-8,11-8,11-8","9af43684-6c7b-4249-a329-d420620d7968|division-1","Division 1","3607605c-a137-4f8e-b686-4a2367440b79","Llave Principal","Mena Sigler, Brian","Montijo Rivera, Jerall","Jerall Montijo Rivera / Oscar Birriel Rivera","Los Casi Profesionales","2"
"3607605c-a137-4f8e-b686-4a2367440b79|2-0#4","","2026-09-20","02:00 pm","Final","singles","9af43684-6c7b-4249-a329-d420620d7968|21395","9af43684-6c7b-4249-a329-d420620d7968|42098","fptm|21395","fptm|42098","9af43684-6c7b-4249-a329-d420620d7968|42098","9af43684-6c7b-4249-a329-d420620d7968|21395","fptm|42098","fptm|21395","8,8,8","11-8,11-8,11-8","9af43684-6c7b-4249-a329-d420620d7968|division-1","Division 1","3607605c-a137-4f8e-b686-4a2367440b79","Llave Principal","Mena Sigler, Brian","Birriel Rivera, Oscar","Jerall Montijo Rivera / Oscar Birriel Rivera","Los Casi Profesionales","4"
"3607605c-a137-4f8e-b686-4a2367440b79|2-0#5","","2026-09-20","02:00 pm","Final","singles","9af43684-6c7b-4249-a329-d420620d7968|24592","9af43684-6c7b-4249-a329-d420620d7968|14165","fptm|24592","fptm|14165","9af43684-6c7b-4249-a329-d420620d7968|14165","9af43684-6c7b-4249-a329-d420620d7968|24592","fptm|14165","fptm|24592","9,8,-3,-6,5","11-9,11-8,3-11,6-11,11-5","9af43684-6c7b-4249-a329-d420620d7968|division-1","Division 1","3607605c-a137-4f8e-b686-4a2367440b79","Llave Principal","Melendez Lafontaine, Kristal","Montijo Rivera, Jerall","Jerall Montijo Rivera / Oscar Birriel Rivera","Los Casi Profesionales","5"
"d0559e7a-50cf-4c3c-b8d8-2bd26daa9af3|3-1#1","","2026-09-20","02:00 pm","3rd Place","singles","9af43684-6c7b-4249-a329-d420620d7968|80284","9af43684-6c7b-4249-a329-d420620d7968|32431","fptm|80284","fptm|32431","9af43684-6c7b-4249-a329-d420620d7968|80284","9af43684-6c7b-4249-a329-d420620d7968|32431","fptm|80284","fptm|32431","8,-8,6,6","11-8,8-11,11-6,11-6","9af43684-6c7b-4249-a329-d420620d7968|division-2","Division 2","d0559e7a-50cf-4c3c-b8d8-2bd26daa9af3","Llave Principal","Davila Gonzalez, Naim","Vega Rodriguez, Yaniel","Las Leyendas","Súper Vega Brothers","1"
"d0559e7a-50cf-4c3c-b8d8-2bd26daa9af3|3-1#2","","2026-09-20","02:00 pm","3rd Place","singles","9af43684-6c7b-4249-a329-d420620d7968|51245","9af43684-6c7b-4249-a329-d420620d7968|51347","fptm|51245","fptm|51347","9af43684-6c7b-4249-a329-d420620d7968|51245","9af43684-6c7b-4249-a329-d420620d7968|51347","fptm|51245","fptm|51347","7,-8,9,6","11-7,8-11,11-9,11-6","9af43684-6c7b-4249-a329-d420620d7968|division-2","Division 2","d0559e7a-50cf-4c3c-b8d8-2bd26daa9af3","Llave Principal","Torres Ortega, Johnell","Vega Rodriguez, Joseph","Las Leyendas","Súper Vega Brothers","2"
"d0559e7a-50cf-4c3c-b8d8-2bd26daa9af3|3-0#1","","2026-09-20","02:00 pm","Final","singles","9af43684-6c7b-4249-a329-d420620d7968|93320","9af43684-6c7b-4249-a329-d420620d7968|92240","fptm|93320","fptm|92240","9af43684-6c7b-4249-a329-d420620d7968|93320","9af43684-6c7b-4249-a329-d420620d7968|92240","fptm|93320","fptm|92240","6,-4,-6,2,8","11-6,4-11,6-11,11-2,11-8","9af43684-6c7b-4249-a329-d420620d7968|division-2","Division 2","d0559e7a-50cf-4c3c-b8d8-2bd26daa9af3","Llave Principal","Mejias Vazquez, Jesus","Hernandez Torres, Elier","Jesus Mejias Vazquez / Jeriel Torres Rivera","Los hijos de ECEDAO","1"
"d0559e7a-50cf-4c3c-b8d8-2bd26daa9af3|3-0#2","","2026-09-20","02:00 pm","Final","singles","9af43684-6c7b-4249-a329-d420620d7968|93227","9af43684-6c7b-4249-a329-d420620d7968|84341","fptm|93227","fptm|84341","9af43684-6c7b-4249-a329-d420620d7968|93227","9af43684-6c7b-4249-a329-d420620d7968|84341","fptm|93227","fptm|84341","-12,8,3,8","12-14,11-8,11-3,11-8","9af43684-6c7b-4249-a329-d420620d7968|division-2","Division 2","d0559e7a-50cf-4c3c-b8d8-2bd26daa9af3","Llave Principal","Torres Rivera, Jeriel","Aponte Rivera, Ariana","Jesus Mejias Vazquez / Jeriel Torres Rivera","Los hijos de ECEDAO","2"
"3607605c-a137-4f8e-b686-4a2367440b79|1-0#1","","2026-09-20","12:30 pm","Semifinal #1","singles","9af43684-6c7b-4249-a329-d420620d7968|24592","9af43684-6c7b-4249-a329-d420620d7968|54597","fptm|24592","fptm|54597","9af43684-6c7b-4249-a329-d420620d7968|24592","9af43684-6c7b-4249-a329-d420620d7968|54597","fptm|24592","fptm|54597","16,7,9","18-16,11-7,11-9","9af43684-6c7b-4249-a329-d420620d7968|division-1","Division 1","3607605c-a137-4f8e-b686-4a2367440b79","Llave Principal","Montijo Rivera, Jerall","Nieves Burgos, Jose","Jerall Montijo Rivera / Oscar Birriel Rivera","Taínos","1"
"3607605c-a137-4f8e-b686-4a2367440b79|1-0#2","","2026-09-20","12:30 pm","Semifinal #1","singles","9af43684-6c7b-4249-a329-d420620d7968|21395","9af43684-6c7b-4249-a329-d420620d7968|81482","fptm|21395","fptm|81482","9af43684-6c7b-4249-a329-d420620d7968|21395","9af43684-6c7b-4249-a329-d420620d7968|81482","fptm|21395","fptm|81482","7,8,7","11-7,11-8,11-7","9af43684-6c7b-4249-a329-d420620d7968|division-1","Division 1","3607605c-a137-4f8e-b686-4a2367440b79","Llave Principal","Birriel Rivera, Oscar","Lopez Velez, Yadier","Jerall Montijo Rivera / Oscar Birriel Rivera","Taínos","2"
"d0559e7a-50cf-4c3c-b8d8-2bd26daa9af3|2-1#1","","2026-09-20","12:30 pm","Semifinal #2","singles","9af43684-6c7b-4249-a329-d420620d7968|51347","9af43684-6c7b-4249-a329-d420620d7968|92240","fptm|51347","fptm|92240","9af43684-6c7b-4249-a329-d420620d7968|92240","9af43684-6c7b-4249-a329-d420620d7968|51347","fptm|92240","fptm|51347","6,10,-6,6","11-6,12-10,6-11,11-6","9af43684-6c7b-4249-a329-d420620d7968|division-2","Division 2","d0559e7a-50cf-4c3c-b8d8-2bd26daa9af3","Llave Principal","Hernandez Torres, Elier","Vega Rodriguez, Joseph","Súper Vega Brothers","Los hijos de ECEDAO","1"
"d0559e7a-50cf-4c3c-b8d8-2bd26daa9af3|2-1#2","","2026-09-20","12:30 pm","Semifinal #2","singles","9af43684-6c7b-4249-a329-d420620d7968|32431","9af43684-6c7b-4249-a329-d420620d7968|84341","fptm|32431","fptm|84341","9af43684-6c7b-4249-a329-d420620d7968|32431","9af43684-6c7b-4249-a329-d420620d7968|84341","fptm|32431","fptm|84341","8,-11,6,-6,9","11-8,11-13,11-6,6-11,11-9","9af43684-6c7b-4249-a329-d420620d7968|division-2","Division 2","d0559e7a-50cf-4c3c-b8d8-2bd26daa9af3","Llave Principal","Vega Rodriguez, Yaniel","Aponte Rivera, Ariana","Súper Vega Brothers","Los hijos de ECEDAO","2"
"d0559e7a-50cf-4c3c-b8d8-2bd26daa9af3|2-1#4","","2026-09-20","12:30 pm","Semifinal #2","singles","9af43684-6c7b-4249-a329-d420620d7968|51347","9af43684-6c7b-4249-a329-d420620d7968|84341","fptm|51347","fptm|84341","9af43684-6c7b-4249-a329-d420620d7968|51347","9af43684-6c7b-4249-a329-d420620d7968|84341","fptm|51347","fptm|84341","6,8,-5,8","11-6,11-8,5-11,11-8","9af43684-6c7b-4249-a329-d420620d7968|division-2","Division 2","d0559e7a-50cf-4c3c-b8d8-2bd26daa9af3","Llave Principal","Vega Rodriguez, Joseph","Aponte Rivera, Ariana","Súper Vega Brothers","Los hijos de ECEDAO","4"
"d0559e7a-50cf-4c3c-b8d8-2bd26daa9af3|2-1#5","","2026-09-20","12:30 pm","Semifinal #2","singles","9af43684-6c7b-4249-a329-d420620d7968|32431","9af43684-6c7b-4249-a329-d420620d7968|92240","fptm|32431","fptm|92240","9af43684-6c7b-4249-a329-d420620d7968|92240","9af43684-6c7b-4249-a329-d420620d7968|32431","fptm|92240","fptm|32431","8,-8,-5,6,2","11-8,8-11,5-11,11-6,11-2","9af43684-6c7b-4249-a329-d420620d7968|division-2","Division 2","d0559e7a-50cf-4c3c-b8d8-2bd26daa9af3","Llave Principal","Hernandez Torres, Elier","Vega Rodriguez, Yaniel","Súper Vega Brothers","Los hijos de ECEDAO","5"
"d0559e7a-50cf-4c3c-b8d8-2bd26daa9af3|2-0#1","","2026-09-20","12:30 pm","Semifinal #1","singles","9af43684-6c7b-4249-a329-d420620d7968|93320","9af43684-6c7b-4249-a329-d420620d7968|80284","fptm|93320","fptm|80284","9af43684-6c7b-4249-a329-d420620d7968|80284","9af43684-6c7b-4249-a329-d420620d7968|93320","fptm|80284","fptm|93320","9,-10,-3,7,15","11-9,10-12,3-11,11-7,17-15","9af43684-6c7b-4249-a329-d420620d7968|division-2","Division 2","d0559e7a-50cf-4c3c-b8d8-2bd26daa9af3","Llave Principal","Davila Gonzalez, Naim","Mejias Vazquez, Jesus","Jesus Mejias Vazquez / Jeriel Torres Rivera","Las Leyendas","1"
"d0559e7a-50cf-4c3c-b8d8-2bd26daa9af3|2-0#2","","2026-09-20","12:30 pm","Semifinal #1","singles","9af43684-6c7b-4249-a329-d420620d7968|93227","9af43684-6c7b-4249-a329-d420620d7968|51245","fptm|93227","fptm|51245","9af43684-6c7b-4249-a329-d420620d7968|51245","9af43684-6c7b-4249-a329-d420620d7968|93227","fptm|51245","fptm|93227","8,-3,-6,9,7","11-8,3-11,6-11,11-9,11-7","9af43684-6c7b-4249-a329-d420620d7968|division-2","Division 2","d0559e7a-50cf-4c3c-b8d8-2bd26daa9af3","Llave Principal","Torres Ortega, Johnell","Torres Rivera, Jeriel","Jesus Mejias Vazquez / Jeriel Torres Rivera","Las Leyendas","2"
"d0559e7a-50cf-4c3c-b8d8-2bd26daa9af3|2-0#4","","2026-09-20","12:30 pm","Semifinal #1","singles","9af43684-6c7b-4249-a329-d420620d7968|93227","9af43684-6c7b-4249-a329-d420620d7968|80284","fptm|93227","fptm|80284","9af43684-6c7b-4249-a329-d420620d7968|93227","9af43684-6c7b-4249-a329-d420620d7968|80284","fptm|93227","fptm|80284","-6,8,9,9","6-11,11-8,11-9,11-9","9af43684-6c7b-4249-a329-d420620d7968|division-2","Division 2","d0559e7a-50cf-4c3c-b8d8-2bd26daa9af3","Llave Principal","Torres Rivera, Jeriel","Davila Gonzalez, Naim","Jesus Mejias Vazquez / Jeriel Torres Rivera","Las Leyendas","4"
"d0559e7a-50cf-4c3c-b8d8-2bd26daa9af3|2-0#5","","2026-09-20","12:30 pm","Semifinal #1","singles","9af43684-6c7b-4249-a329-d420620d7968|93320","9af43684-6c7b-4249-a329-d420620d7968|51245","fptm|93320","fptm|51245","9af43684-6c7b-4249-a329-d420620d7968|93320","9af43684-6c7b-4249-a329-d420620d7968|51245","fptm|93320","fptm|51245","6,8,-10,-8,8","11-6,11-8,10-12,8-11,11-8","9af43684-6c7b-4249-a329-d420620d7968|division-2","Division 2","d0559e7a-50cf-4c3c-b8d8-2bd26daa9af3","Llave Principal","Mejias Vazquez, Jesus","Torres Ortega, Johnell","Jesus Mejias Vazquez / Jeriel Torres Rivera","Las Leyendas","5"
"3607605c-a137-4f8e-b686-4a2367440b79|1-1#1","","2026-09-20","12:00 pm","Semifinal #2","singles","9af43684-6c7b-4249-a329-d420620d7968|36062","9af43684-6c7b-4249-a329-d420620d7968|14165","fptm|36062","fptm|14165","9af43684-6c7b-4249-a329-d420620d7968|36062","9af43684-6c7b-4249-a329-d420620d7968|14165","fptm|36062","fptm|14165","11,-5,9,11","13-11,5-11,11-9,13-11","9af43684-6c7b-4249-a329-d420620d7968|division-1","Division 1","3607605c-a137-4f8e-b686-4a2367440b79","Llave Principal","Darley Mejia, Eduardo","Melendez Lafontaine, Kristal","Los Decifit","Los Casi Profesionales","1"
"3607605c-a137-4f8e-b686-4a2367440b79|1-1#2","","2026-09-20","12:00 pm","Semifinal #2","singles","9af43684-6c7b-4249-a329-d420620d7968|57052","9af43684-6c7b-4249-a329-d420620d7968|42098","fptm|57052","fptm|42098","9af43684-6c7b-4249-a329-d420620d7968|42098","9af43684-6c7b-4249-a329-d420620d7968|57052","fptm|42098","fptm|57052","3,7,9","11-3,11-7,11-9","9af43684-6c7b-4249-a329-d420620d7968|division-1","Division 1","3607605c-a137-4f8e-b686-4a2367440b79","Llave Principal","Mena Sigler, Brian","Ruperto Colon, Dylan","Los Decifit","Los Casi Profesionales","2"
"3607605c-a137-4f8e-b686-4a2367440b79|1-1#4","","2026-09-20","12:00 pm","Semifinal #2","singles","9af43684-6c7b-4249-a329-d420620d7968|36062","9af43684-6c7b-4249-a329-d420620d7968|42098","fptm|36062","fptm|42098","9af43684-6c7b-4249-a329-d420620d7968|42098","9af43684-6c7b-4249-a329-d420620d7968|36062","fptm|42098","fptm|36062","-8,7,8,-9,3","8-11,11-7,11-8,9-11,11-3","9af43684-6c7b-4249-a329-d420620d7968|division-1","Division 1","3607605c-a137-4f8e-b686-4a2367440b79","Llave Principal","Mena Sigler, Brian","Darley Mejia, Eduardo","Los Decifit","Los Casi Profesionales","4"
"d0559e7a-50cf-4c3c-b8d8-2bd26daa9af3|1-3#1","","2026-09-20","10:30 am","Quarterfinal #4","singles","9af43684-6c7b-4249-a329-d420620d7968|42953","9af43684-6c7b-4249-a329-d420620d7968|84341","fptm|42953","fptm|84341","9af43684-6c7b-4249-a329-d420620d7968|84341","9af43684-6c7b-4249-a329-d420620d7968|42953","fptm|84341","fptm|42953","14,3,4","16-14,11-3,11-4","9af43684-6c7b-4249-a329-d420620d7968|division-2","Division 2","d0559e7a-50cf-4c3c-b8d8-2bd26daa9af3","Llave Principal","Aponte Rivera, Ariana","Rosario Fersola, Salvador","Doble impacto","Los hijos de ECEDAO","1"
"d0559e7a-50cf-4c3c-b8d8-2bd26daa9af3|1-3#2","","2026-09-20","10:30 am","Quarterfinal #4","singles","9af43684-6c7b-4249-a329-d420620d7968|15695","9af43684-6c7b-4249-a329-d420620d7968|92240","fptm|15695","fptm|92240","9af43684-6c7b-4249-a329-d420620d7968|92240","9af43684-6c7b-4249-a329-d420620d7968|15695","fptm|92240","fptm|15695","-5,-7,4,9,9","5-11,7-11,11-4,11-9,11-9","9af43684-6c7b-4249-a329-d420620d7968|division-2","Division 2","d0559e7a-50cf-4c3c-b8d8-2bd26daa9af3","Llave Principal","Hernandez Torres, Elier","Cora Rodriguez, Raymond","Doble impacto","Los hijos de ECEDAO","2"
"d0559e7a-50cf-4c3c-b8d8-2bd26daa9af3|1-2#1","","2026-09-20","10:30 am","Quarterfinal #3","singles","9af43684-6c7b-4249-a329-d420620d7968|32431","9af43684-6c7b-4249-a329-d420620d7968|99192","fptm|32431","fptm|99192","9af43684-6c7b-4249-a329-d420620d7968|32431","9af43684-6c7b-4249-a329-d420620d7968|99192","fptm|32431","fptm|99192","8,-10,11,9","11-8,10-12,13-11,11-9","9af43684-6c7b-4249-a329-d420620d7968|division-2","Division 2","d0559e7a-50cf-4c3c-b8d8-2bd26daa9af3","Llave Principal","Vega Rodriguez, Yaniel","Cruz Rosario, Camila","Súper Vega Brothers","Camila Cruz Rosario / Danelys Cruz Rosario","1"
"d0559e7a-50cf-4c3c-b8d8-2bd26daa9af3|1-2#2","","2026-09-20","10:30 am","Quarterfinal #3","singles","9af43684-6c7b-4249-a329-d420620d7968|51347","9af43684-6c7b-4249-a329-d420620d7968|80010","fptm|51347","fptm|80010","9af43684-6c7b-4249-a329-d420620d7968|51347","9af43684-6c7b-4249-a329-d420620d7968|80010","fptm|51347","fptm|80010","6,9,9","11-6,11-9,11-9","9af43684-6c7b-4249-a329-d420620d7968|division-2","Division 2","d0559e7a-50cf-4c3c-b8d8-2bd26daa9af3","Llave Principal","Vega Rodriguez, Joseph","Cruz Rosario, Danelys","Súper Vega Brothers","Camila Cruz Rosario / Danelys Cruz Rosario","2"
"d0559e7a-50cf-4c3c-b8d8-2bd26daa9af3|1-1#1","","2026-09-20","10:30 am","Quarterfinal #2","singles","9af43684-6c7b-4249-a329-d420620d7968|63354","9af43684-6c7b-4249-a329-d420620d7968|80284","fptm|63354","fptm|80284","9af43684-6c7b-4249-a329-d420620d7968|80284","9af43684-6c7b-4249-a329-d420620d7968|63354","fptm|80284","fptm|63354","9,2,4","11-9,11-2,11-4","9af43684-6c7b-4249-a329-d420620d7968|division-2","Division 2","d0559e7a-50cf-4c3c-b8d8-2bd26daa9af3","Llave Principal","Davila Gonzalez, Naim","Perez Fernandez, Josue","Los nenes","Las Leyendas","1"
"d0559e7a-50cf-4c3c-b8d8-2bd26daa9af3|1-1#2","","2026-09-20","10:30 am","Quarterfinal #2","singles","9af43684-6c7b-4249-a329-d420620d7968|18326","9af43684-6c7b-4249-a329-d420620d7968|51245","fptm|18326","fptm|51245","9af43684-6c7b-4249-a329-d420620d7968|51245","9af43684-6c7b-4249-a329-d420620d7968|18326","fptm|51245","fptm|18326","8,3,15","11-8,11-3,17-15","9af43684-6c7b-4249-a329-d420620d7968|division-2","Division 2","d0559e7a-50cf-4c3c-b8d8-2bd26daa9af3","Llave Principal","Torres Ortega, Johnell","Rivera Rivera, Ryan","Los nenes","Las Leyendas","2"
"d0559e7a-50cf-4c3c-b8d8-2bd26daa9af3|1-1#4","","2026-09-20","10:30 am","Quarterfinal #2","singles","9af43684-6c7b-4249-a329-d420620d7968|63354","9af43684-6c7b-4249-a329-d420620d7968|51245","fptm|63354","fptm|51245","9af43684-6c7b-4249-a329-d420620d7968|51245","9af43684-6c7b-4249-a329-d420620d7968|63354","fptm|51245","fptm|63354","4,6,5","11-4,11-6,11-5","9af43684-6c7b-4249-a329-d420620d7968|division-2","Division 2","d0559e7a-50cf-4c3c-b8d8-2bd26daa9af3","Llave Principal","Torres Ortega, Johnell","Perez Fernandez, Josue","Los nenes","Las Leyendas","4"
"d0559e7a-50cf-4c3c-b8d8-2bd26daa9af3|1-0#1","","2026-09-20","10:30 am","Quarterfinal #1","singles","9af43684-6c7b-4249-a329-d420620d7968|93227","9af43684-6c7b-4249-a329-d420620d7968|65333","fptm|93227","fptm|65333","9af43684-6c7b-4249-a329-d420620d7968|93227","9af43684-6c7b-4249-a329-d420620d7968|65333","fptm|93227","fptm|65333","6,8,13","11-6,11-8,15-13","9af43684-6c7b-4249-a329-d420620d7968|division-2","Division 2","d0559e7a-50cf-4c3c-b8d8-2bd26daa9af3","Llave Principal","Torres Rivera, Jeriel","Cortes Guerrero, Sebastian","Jesus Mejias Vazquez / Jeriel Torres Rivera","Suzanahoria","1"
"d0559e7a-50cf-4c3c-b8d8-2bd26daa9af3|1-0#2","","2026-09-20","10:30 am","Quarterfinal #1","singles","9af43684-6c7b-4249-a329-d420620d7968|93320","9af43684-6c7b-4249-a329-d420620d7968|99593","fptm|93320","fptm|99593","9af43684-6c7b-4249-a329-d420620d7968|93320","9af43684-6c7b-4249-a329-d420620d7968|99593","fptm|93320","fptm|99593","-7,7,-7,7,6","7-11,11-7,7-11,11-7,11-6","9af43684-6c7b-4249-a329-d420620d7968|division-2","Division 2","d0559e7a-50cf-4c3c-b8d8-2bd26daa9af3","Llave Principal","Mejias Vazquez, Jesus","Lopez Nieves, Jahaziel","Jesus Mejias Vazquez / Jeriel Torres Rivera","Suzanahoria","2"
"d0559e7a-50cf-4c3c-b8d8-2bd26daa9af3|1-0#4","","2026-09-20","10:30 am","Quarterfinal #1","singles","9af43684-6c7b-4249-a329-d420620d7968|93227","9af43684-6c7b-4249-a329-d420620d7968|99593","fptm|93227","fptm|99593","9af43684-6c7b-4249-a329-d420620d7968|93227","9af43684-6c7b-4249-a329-d420620d7968|99593","fptm|93227","fptm|99593","7,10,5","11-7,12-10,11-5","9af43684-6c7b-4249-a329-d420620d7968|division-2","Division 2","d0559e7a-50cf-4c3c-b8d8-2bd26daa9af3","Llave Principal","Torres Rivera, Jeriel","Lopez Nieves, Jahaziel","Jesus Mejias Vazquez / Jeriel Torres Rivera","Suzanahoria","4"
"3607605c-a137-4f8e-b686-4a2367440b79|0-3#1","","2026-09-20","10:00 am","Quarterfinal #4","singles","9af43684-6c7b-4249-a329-d420620d7968|64987","9af43684-6c7b-4249-a329-d420620d7968|42098","fptm|64987","fptm|42098","9af43684-6c7b-4249-a329-d420620d7968|42098","9af43684-6c7b-4249-a329-d420620d7968|64987","fptm|42098","fptm|64987","8,6,2","11-8,11-6,11-2","9af43684-6c7b-4249-a329-d420620d7968|division-1","Division 1","3607605c-a137-4f8e-b686-4a2367440b79","Llave Principal","Mena Sigler, Brian","Torres Nieves, Derek","Michael Rodriguez Aviles / Derek Torres Nieves","Los Casi Profesionales","1"
"3607605c-a137-4f8e-b686-4a2367440b79|0-3#2","","2026-09-20","10:00 am","Quarterfinal #4","singles","9af43684-6c7b-4249-a329-d420620d7968|89840","9af43684-6c7b-4249-a329-d420620d7968|14165","fptm|89840","fptm|14165","9af43684-6c7b-4249-a329-d420620d7968|14165","9af43684-6c7b-4249-a329-d420620d7968|89840","fptm|14165","fptm|89840","7,5,4","11-7,11-5,11-4","9af43684-6c7b-4249-a329-d420620d7968|division-1","Division 1","3607605c-a137-4f8e-b686-4a2367440b79","Llave Principal","Melendez Lafontaine, Kristal","Rodriguez Aviles, Michael","Michael Rodriguez Aviles / Derek Torres Nieves","Los Casi Profesionales","2"
"3607605c-a137-4f8e-b686-4a2367440b79|0-2#1","","2026-09-20","10:00 am","Quarterfinal #3","singles","9af43684-6c7b-4249-a329-d420620d7968|36062","9af43684-6c7b-4249-a329-d420620d7968|57400","fptm|36062","fptm|57400","9af43684-6c7b-4249-a329-d420620d7968|36062","9af43684-6c7b-4249-a329-d420620d7968|57400","fptm|36062","fptm|57400","3,6,7","11-3,11-6,11-7","9af43684-6c7b-4249-a329-d420620d7968|division-1","Division 1","3607605c-a137-4f8e-b686-4a2367440b79","Llave Principal","Darley Mejia, Eduardo","Pedraza Del Valle, Sebastian","Los Decifit","Los machuca PR","1"
"3607605c-a137-4f8e-b686-4a2367440b79|0-2#2","","2026-09-20","10:00 am","Quarterfinal #3","singles","9af43684-6c7b-4249-a329-d420620d7968|57052","9af43684-6c7b-4249-a329-d420620d7968|30926","fptm|57052","fptm|30926","9af43684-6c7b-4249-a329-d420620d7968|30926","9af43684-6c7b-4249-a329-d420620d7968|57052","fptm|30926","fptm|57052","7,9,8","11-7,11-9,11-8","9af43684-6c7b-4249-a329-d420620d7968|division-1","Division 1","3607605c-a137-4f8e-b686-4a2367440b79","Llave Principal","Melendez Lafontaine, Angel","Ruperto Colon, Dylan","Los Decifit","Los machuca PR","2"
"3607605c-a137-4f8e-b686-4a2367440b79|0-2#4","","2026-09-20","10:00 am","Quarterfinal #3","singles","9af43684-6c7b-4249-a329-d420620d7968|36062","9af43684-6c7b-4249-a329-d420620d7968|30926","fptm|36062","fptm|30926","9af43684-6c7b-4249-a329-d420620d7968|36062","9af43684-6c7b-4249-a329-d420620d7968|30926","fptm|36062","fptm|30926","10,5,7","12-10,11-5,11-7","9af43684-6c7b-4249-a329-d420620d7968|division-1","Division 1","3607605c-a137-4f8e-b686-4a2367440b79","Llave Principal","Darley Mejia, Eduardo","Melendez Lafontaine, Angel","Los Decifit","Los machuca PR","4"
"3607605c-a137-4f8e-b686-4a2367440b79|0-1#1","","2026-09-20","10:00 am","Quarterfinal #2","singles","9af43684-6c7b-4249-a329-d420620d7968|68878","9af43684-6c7b-4249-a329-d420620d7968|54597","fptm|68878","fptm|54597","9af43684-6c7b-4249-a329-d420620d7968|54597","9af43684-6c7b-4249-a329-d420620d7968|68878","fptm|54597","fptm|68878","-5,9,9,-10,4","5-11,11-9,11-9,10-12,11-4","9af43684-6c7b-4249-a329-d420620d7968|division-1","Division 1","3607605c-a137-4f8e-b686-4a2367440b79","Llave Principal","Nieves Burgos, Jose","Aviles Perez, Chrisnomar","11/19","Taínos","1"
"3607605c-a137-4f8e-b686-4a2367440b79|0-1#2","","2026-09-20","10:00 am","Quarterfinal #2","singles","9af43684-6c7b-4249-a329-d420620d7968|76237","9af43684-6c7b-4249-a329-d420620d7968|81482","fptm|76237","fptm|81482","9af43684-6c7b-4249-a329-d420620d7968|81482","9af43684-6c7b-4249-a329-d420620d7968|76237","fptm|81482","fptm|76237","6,6,5","11-6,11-6,11-5","9af43684-6c7b-4249-a329-d420620d7968|division-1","Division 1","3607605c-a137-4f8e-b686-4a2367440b79","Llave Principal","Lopez Velez, Yadier","Cuadro Perez, Ryan","11/19","Taínos","2"
"3607605c-a137-4f8e-b686-4a2367440b79|0-0#1","","2026-09-20","10:00 am","Quarterfinal #1","singles","9af43684-6c7b-4249-a329-d420620d7968|24592","9af43684-6c7b-4249-a329-d420620d7968|20458","fptm|24592","fptm|20458","9af43684-6c7b-4249-a329-d420620d7968|24592","9af43684-6c7b-4249-a329-d420620d7968|20458","fptm|24592","fptm|20458","-10,18,12,28","10-12,20-18,14-12,30-28","9af43684-6c7b-4249-a329-d420620d7968|division-1","Division 1","3607605c-a137-4f8e-b686-4a2367440b79","Llave Principal","Montijo Rivera, Jerall","Torres Mercado, Alejandro","Jerall Montijo Rivera / Oscar Birriel Rivera","Los Pokemones","1"
"3607605c-a137-4f8e-b686-4a2367440b79|0-0#2","","2026-09-20","10:00 am","Quarterfinal #1","singles","9af43684-6c7b-4249-a329-d420620d7968|21395","9af43684-6c7b-4249-a329-d420620d7968|30379","fptm|21395","fptm|30379","9af43684-6c7b-4249-a329-d420620d7968|21395","9af43684-6c7b-4249-a329-d420620d7968|30379","fptm|21395","fptm|30379","3,5,4","11-3,11-5,11-4","9af43684-6c7b-4249-a329-d420620d7968|division-1","Division 1","3607605c-a137-4f8e-b686-4a2367440b79","Llave Principal","Birriel Rivera, Oscar","Gonzalez Maldonado, Yalex","Jerall Montijo Rivera / Oscar Birriel Rivera","Los Pokemones","2"
"af7339b2-336c-496c-9f80-1551a8153df1|1-2#1","","2026-09-20","10:00 am","Quarterfinal #3","singles","9af43684-6c7b-4249-a329-d420620d7968|36158","9af43684-6c7b-4249-a329-d420620d7968|34914","fptm|36158","fptm|34914","9af43684-6c7b-4249-a329-d420620d7968|36158","9af43684-6c7b-4249-a329-d420620d7968|34914","fptm|36158","fptm|34914","9,7,5","11-9,11-7,11-5","9af43684-6c7b-4249-a329-d420620d7968|division-3","Division 3 - Consolación","af7339b2-336c-496c-9f80-1551a8153df1","Llave Consolación","Rodriguez Laboy, Santos","Maymi Pietri, Adrian","Ping y Pong 🏓","Peso Ligero","1"
"af7339b2-336c-496c-9f80-1551a8153df1|1-2#2","","2026-09-20","10:00 am","Quarterfinal #3","singles","9af43684-6c7b-4249-a329-d420620d7968|13248","9af43684-6c7b-4249-a329-d420620d7968|56438","fptm|13248","fptm|56438","9af43684-6c7b-4249-a329-d420620d7968|13248","9af43684-6c7b-4249-a329-d420620d7968|56438","fptm|13248","fptm|56438","-13,4,9,12","13-15,11-4,11-9,14-12","9af43684-6c7b-4249-a329-d420620d7968|division-3","Division 3 - Consolación","af7339b2-336c-496c-9f80-1551a8153df1","Llave Consolación","Roldan Richards, Adrian","Nazario Colon, Carla","Ping y Pong 🏓","Peso Ligero","2"
"af7339b2-336c-496c-9f80-1551a8153df1|1-1#1","","2026-09-20","10:00 am","Quarterfinal #2","singles","9af43684-6c7b-4249-a329-d420620d7968|63964","9af43684-6c7b-4249-a329-d420620d7968|56025","fptm|63964","fptm|56025","9af43684-6c7b-4249-a329-d420620d7968|56025","9af43684-6c7b-4249-a329-d420620d7968|63964","fptm|56025","fptm|63964","6,10,6","11-6,12-10,11-6","9af43684-6c7b-4249-a329-d420620d7968|division-3","Division 3 - Consolación","af7339b2-336c-496c-9f80-1551a8153df1","Llave Consolación","Torres Montero, Hector","Ortiz Fargas, Kamila","Yeidymar Morales Silva / Kamila Ortiz Fargas","Los baby’s","1"
"af7339b2-336c-496c-9f80-1551a8153df1|1-1#2","","2026-09-20","10:00 am","Quarterfinal #2","singles","9af43684-6c7b-4249-a329-d420620d7968|32810","9af43684-6c7b-4249-a329-d420620d7968|77391","fptm|32810","fptm|77391","9af43684-6c7b-4249-a329-d420620d7968|77391","9af43684-6c7b-4249-a329-d420620d7968|32810","fptm|77391","fptm|32810","9,2,5","11-9,11-2,11-5","9af43684-6c7b-4249-a329-d420620d7968|division-3","Division 3 - Consolación","af7339b2-336c-496c-9f80-1551a8153df1","Llave Consolación","Perez Collazo, Matteo","Morales Silva, Yeidymar","Yeidymar Morales Silva / Kamila Ortiz Fargas","Los baby’s","2"
"af7339b2-336c-496c-9f80-1551a8153df1|1-0#1","","2026-09-20","10:00 am","Quarterfinal #1","singles","9af43684-6c7b-4249-a329-d420620d7968|65461","9af43684-6c7b-4249-a329-d420620d7968|48940","fptm|65461","fptm|48940","9af43684-6c7b-4249-a329-d420620d7968|65461","9af43684-6c7b-4249-a329-d420620d7968|48940","fptm|65461","fptm|48940","5,5,6","11-5,11-5,11-6","9af43684-6c7b-4249-a329-d420620d7968|division-3","Division 3 - Consolación","af7339b2-336c-496c-9f80-1551a8153df1","Llave Consolación","Rios Camacho, Samuel","Trinidad Vazquez, Ketwin","Puntos Largos SS","Los Caballitos","1"
"af7339b2-336c-496c-9f80-1551a8153df1|1-0#2","","2026-09-20","10:00 am","Quarterfinal #1","singles","9af43684-6c7b-4249-a329-d420620d7968|34957","9af43684-6c7b-4249-a329-d420620d7968|69735","fptm|34957","fptm|69735","9af43684-6c7b-4249-a329-d420620d7968|34957","9af43684-6c7b-4249-a329-d420620d7968|69735","fptm|34957","fptm|69735","4,4,4","11-4,11-4,11-4","9af43684-6c7b-4249-a329-d420620d7968|division-3","Division 3 - Consolación","af7339b2-336c-496c-9f80-1551a8153df1","Llave Consolación","Matos Rivera, Sol","Ramos Dipiní, Dereck","Puntos Largos SS","Los Caballitos","2"
"a7b00c3b-38aa-4bd0-bd0f-dc0034c295d7|1-3#1","","2026-09-20","10:00 am","Quarterfinal #4","singles","9af43684-6c7b-4249-a329-d420620d7968|98259","9af43684-6c7b-4249-a329-d420620d7968|72296","fptm|98259","fptm|72296","9af43684-6c7b-4249-a329-d420620d7968|98259","9af43684-6c7b-4249-a329-d420620d7968|72296","fptm|98259","fptm|72296","12,8,6","14-12,11-8,11-6","9af43684-6c7b-4249-a329-d420620d7968|division-3","Division 3","a7b00c3b-38aa-4bd0-bd0f-dc0034c295d7","Llave Principal","Frye Santiago, Fiorella","Lopez Rodriguez, Carlos","Fiorella y Onix","Los Taki","1"
"a7b00c3b-38aa-4bd0-bd0f-dc0034c295d7|1-3#2","","2026-09-20","10:00 am","Quarterfinal #4","singles","9af43684-6c7b-4249-a329-d420620d7968|76542","9af43684-6c7b-4249-a329-d420620d7968|50857","fptm|76542","fptm|50857","9af43684-6c7b-4249-a329-d420620d7968|50857","9af43684-6c7b-4249-a329-d420620d7968|76542","fptm|50857","fptm|76542","9,8,1","11-9,11-8,11-1","9af43684-6c7b-4249-a329-d420620d7968|division-3","Division 3","a7b00c3b-38aa-4bd0-bd0f-dc0034c295d7","Llave Principal","Cortes Guerrero, Dante","Perez Ortiz, Onix","Fiorella y Onix","Los Taki","2"
"a7b00c3b-38aa-4bd0-bd0f-dc0034c295d7|1-3#4","","2026-09-20","10:00 am","Quarterfinal #4","singles","9af43684-6c7b-4249-a329-d420620d7968|76542","9af43684-6c7b-4249-a329-d420620d7968|72296","fptm|76542","fptm|72296","9af43684-6c7b-4249-a329-d420620d7968|76542","9af43684-6c7b-4249-a329-d420620d7968|72296","fptm|76542","fptm|72296","7,9,9","11-7,11-9,11-9","9af43684-6c7b-4249-a329-d420620d7968|division-3","Division 3","a7b00c3b-38aa-4bd0-bd0f-dc0034c295d7","Llave Principal","Perez Ortiz, Onix","Lopez Rodriguez, Carlos","Fiorella y Onix","Los Taki","4"
"a7b00c3b-38aa-4bd0-bd0f-dc0034c295d7|1-3#5","","2026-09-20","10:00 am","Quarterfinal #4","singles","9af43684-6c7b-4249-a329-d420620d7968|98259","9af43684-6c7b-4249-a329-d420620d7968|50857","fptm|98259","fptm|50857","9af43684-6c7b-4249-a329-d420620d7968|50857","9af43684-6c7b-4249-a329-d420620d7968|98259","fptm|50857","fptm|98259","3,2,9","11-3,11-2,11-9","9af43684-6c7b-4249-a329-d420620d7968|division-3","Division 3","a7b00c3b-38aa-4bd0-bd0f-dc0034c295d7","Llave Principal","Cortes Guerrero, Dante","Frye Santiago, Fiorella","Fiorella y Onix","Los Taki","5"
"a7b00c3b-38aa-4bd0-bd0f-dc0034c295d7|1-1#1","","2026-09-20","10:00 am","Quarterfinal #2","singles","9af43684-6c7b-4249-a329-d420620d7968|30866","9af43684-6c7b-4249-a329-d420620d7968|21226","fptm|30866","fptm|21226","9af43684-6c7b-4249-a329-d420620d7968|21226","9af43684-6c7b-4249-a329-d420620d7968|30866","fptm|21226","fptm|30866","13,4,9","15-13,11-4,11-9","9af43684-6c7b-4249-a329-d420620d7968|division-3","Division 3","a7b00c3b-38aa-4bd0-bd0f-dc0034c295d7","Llave Principal","Nazario Colon, Abdiel","Negron Rodriguez, Cedric","Los Handymen","PRBSA 1","1"
"a7b00c3b-38aa-4bd0-bd0f-dc0034c295d7|1-1#2","","2026-09-20","10:00 am","Quarterfinal #2","singles","9af43684-6c7b-4249-a329-d420620d7968|25014","9af43684-6c7b-4249-a329-d420620d7968|63883","fptm|25014","fptm|63883","9af43684-6c7b-4249-a329-d420620d7968|25014","9af43684-6c7b-4249-a329-d420620d7968|63883","fptm|25014","fptm|63883","10,8,-7,9","12-10,11-8,7-11,11-9","9af43684-6c7b-4249-a329-d420620d7968|division-3","Division 3","a7b00c3b-38aa-4bd0-bd0f-dc0034c295d7","Llave Principal","Santiago Santiago, Jorhed","Sanchez Lozada, Jean","Los Handymen","PRBSA 1","2"
"a7b00c3b-38aa-4bd0-bd0f-dc0034c295d7|1-1#4","","2026-09-20","10:00 am","Quarterfinal #2","singles","9af43684-6c7b-4249-a329-d420620d7968|25014","9af43684-6c7b-4249-a329-d420620d7968|21226","fptm|25014","fptm|21226","9af43684-6c7b-4249-a329-d420620d7968|21226","9af43684-6c7b-4249-a329-d420620d7968|25014","fptm|21226","fptm|25014","8,9,7","11-8,11-9,11-7","9af43684-6c7b-4249-a329-d420620d7968|division-3","Division 3","a7b00c3b-38aa-4bd0-bd0f-dc0034c295d7","Llave Principal","Nazario Colon, Abdiel","Santiago Santiago, Jorhed","Los Handymen","PRBSA 1","4"
"a7b00c3b-38aa-4bd0-bd0f-dc0034c295d7|1-0#1","","2026-09-20","10:00 am","Quarterfinal #1","singles","9af43684-6c7b-4249-a329-d420620d7968|38080","9af43684-6c7b-4249-a329-d420620d7968|60432","fptm|38080","fptm|60432","9af43684-6c7b-4249-a329-d420620d7968|60432","9af43684-6c7b-4249-a329-d420620d7968|38080","fptm|60432","fptm|38080","9,9,8","11-9,11-9,11-8","9af43684-6c7b-4249-a329-d420620d7968|division-3","Division 3","a7b00c3b-38aa-4bd0-bd0f-dc0034c295d7","Llave Principal","Gomez Quiroz, Gabriel","Ortiz Fargas, Emmanuel","Escuela del Deporte SJ","Gabriel Gomez Quiroz / Elio Nunez Mercado","1"
"a7b00c3b-38aa-4bd0-bd0f-dc0034c295d7|1-0#2","","2026-09-20","10:00 am","Quarterfinal #1","singles","9af43684-6c7b-4249-a329-d420620d7968|86503","9af43684-6c7b-4249-a329-d420620d7968|27578","fptm|86503","fptm|27578","9af43684-6c7b-4249-a329-d420620d7968|86503","9af43684-6c7b-4249-a329-d420620d7968|27578","fptm|86503","fptm|27578","6,-7,9,-9,8","11-6,7-11,11-9,9-11,11-8","9af43684-6c7b-4249-a329-d420620d7968|division-3","Division 3","a7b00c3b-38aa-4bd0-bd0f-dc0034c295d7","Llave Principal","Garcia Vazquez, Liana","Nunez Mercado, Elio","Escuela del Deporte SJ","Gabriel Gomez Quiroz / Elio Nunez Mercado","2"
"a7b00c3b-38aa-4bd0-bd0f-dc0034c295d7|1-0#4","","2026-09-20","10:00 am","Quarterfinal #1","singles","9af43684-6c7b-4249-a329-d420620d7968|38080","9af43684-6c7b-4249-a329-d420620d7968|27578","fptm|38080","fptm|27578","9af43684-6c7b-4249-a329-d420620d7968|38080","9af43684-6c7b-4249-a329-d420620d7968|27578","fptm|38080","fptm|27578","4,8,10","11-4,11-8,12-10","9af43684-6c7b-4249-a329-d420620d7968|division-3","Division 3","a7b00c3b-38aa-4bd0-bd0f-dc0034c295d7","Llave Principal","Ortiz Fargas, Emmanuel","Nunez Mercado, Elio","Escuela del Deporte SJ","Gabriel Gomez Quiroz / Elio Nunez Mercado","4"
"37e7dc1a-f35b-465a-8e4b-fbabfe22cc8e|0-5#1","","2026-09-20","09:00 am","Group 1 (A vs. B)","singles","9af43684-6c7b-4249-a329-d420620d7968|37869","9af43684-6c7b-4249-a329-d420620d7968|86622","fptm|37869","fptm|86622","9af43684-6c7b-4249-a329-d420620d7968|37869","9af43684-6c7b-4249-a329-d420620d7968|86622","fptm|37869","fptm|86622","8,-7,8,-6,9","11-8,7-11,11-8,6-11,11-9","9af43684-6c7b-4249-a329-d420620d7968|division-2","Division 2","37e7dc1a-f35b-465a-8e4b-fbabfe22cc8e","RR (Consolation Div 2)","Pietri Rivera, Diego","Velazquez Nieves, Ian","Los Pelus","Spin y Puntos","1"
"37e7dc1a-f35b-465a-8e4b-fbabfe22cc8e|0-5#2","","2026-09-20","09:00 am","Group 1 (A vs. B)","singles","9af43684-6c7b-4249-a329-d420620d7968|76540","9af43684-6c7b-4249-a329-d420620d7968|87128","fptm|76540","fptm|87128","9af43684-6c7b-4249-a329-d420620d7968|87128","9af43684-6c7b-4249-a329-d420620d7968|76540","fptm|87128","fptm|76540","7,-5,7,-7,5","11-7,5-11,11-7,7-11,11-5","9af43684-6c7b-4249-a329-d420620d7968|division-2","Division 2","37e7dc1a-f35b-465a-8e4b-fbabfe22cc8e","RR (Consolation Div 2)","Diaz Nunez, Sofia","Lozada Virella, Aiden","Los Pelus","Spin y Puntos","2"
"37e7dc1a-f35b-465a-8e4b-fbabfe22cc8e|0-5#4","","2026-09-20","09:00 am","Group 1 (A vs. B)","singles","9af43684-6c7b-4249-a329-d420620d7968|37869","9af43684-6c7b-4249-a329-d420620d7968|87128","fptm|37869","fptm|87128","9af43684-6c7b-4249-a329-d420620d7968|37869","9af43684-6c7b-4249-a329-d420620d7968|87128","fptm|37869","fptm|87128","-10,10,9,6","10-12,12-10,11-9,11-6","9af43684-6c7b-4249-a329-d420620d7968|division-2","Division 2","37e7dc1a-f35b-465a-8e4b-fbabfe22cc8e","RR (Consolation Div 2)","Pietri Rivera, Diego","Diaz Nunez, Sofia","Los Pelus","Spin y Puntos","4"
"37e7dc1a-f35b-465a-8e4b-fbabfe22cc8e|0-5#5","","2026-09-20","09:00 am","Group 1 (A vs. B)","singles","9af43684-6c7b-4249-a329-d420620d7968|76540","9af43684-6c7b-4249-a329-d420620d7968|86622","fptm|76540","fptm|86622","9af43684-6c7b-4249-a329-d420620d7968|86622","9af43684-6c7b-4249-a329-d420620d7968|76540","fptm|86622","fptm|76540","6,7,4","11-6,11-7,11-4","9af43684-6c7b-4249-a329-d420620d7968|division-2","Division 2","37e7dc1a-f35b-465a-8e4b-fbabfe22cc8e","RR (Consolation Div 2)","Velazquez Nieves, Ian","Lozada Virella, Aiden","Los Pelus","Spin y Puntos","5"
"37e7dc1a-f35b-465a-8e4b-fbabfe22cc8e|0-3#1","","2026-09-20","09:00 am","Group 1 (B vs. C)","singles","9af43684-6c7b-4249-a329-d420620d7968|86622","9af43684-6c7b-4249-a329-d420620d7968|79514","fptm|86622","fptm|79514","9af43684-6c7b-4249-a329-d420620d7968|86622","9af43684-6c7b-4249-a329-d420620d7968|79514","fptm|86622","fptm|79514","8,7,8","11-8,11-7,11-8","9af43684-6c7b-4249-a329-d420620d7968|division-2","Division 2","37e7dc1a-f35b-465a-8e4b-fbabfe22cc8e","RR (Consolation Div 2)","Velazquez Nieves, Ian","Ortiz Amaro, Fabian","Spin y Puntos","Peter y Pollo","1"
"37e7dc1a-f35b-465a-8e4b-fbabfe22cc8e|0-3#2","","2026-09-20","09:00 am","Group 1 (B vs. C)","singles","9af43684-6c7b-4249-a329-d420620d7968|87128","9af43684-6c7b-4249-a329-d420620d7968|57576","fptm|87128","fptm|57576","9af43684-6c7b-4249-a329-d420620d7968|57576","9af43684-6c7b-4249-a329-d420620d7968|87128","fptm|57576","fptm|87128","8,6,5","11-8,11-6,11-5","9af43684-6c7b-4249-a329-d420620d7968|division-2","Division 2","37e7dc1a-f35b-465a-8e4b-fbabfe22cc8e","RR (Consolation Div 2)","Ortiz Vazquez, Derick","Diaz Nunez, Sofia","Spin y Puntos","Peter y Pollo","2"
"37e7dc1a-f35b-465a-8e4b-fbabfe22cc8e|0-3#4","","2026-09-20","09:00 am","Group 1 (B vs. C)","singles","9af43684-6c7b-4249-a329-d420620d7968|87128","9af43684-6c7b-4249-a329-d420620d7968|79514","fptm|87128","fptm|79514","9af43684-6c7b-4249-a329-d420620d7968|87128","9af43684-6c7b-4249-a329-d420620d7968|79514","fptm|87128","fptm|79514","6,9,-9,9","11-6,11-9,9-11,11-9","9af43684-6c7b-4249-a329-d420620d7968|division-2","Division 2","37e7dc1a-f35b-465a-8e4b-fbabfe22cc8e","RR (Consolation Div 2)","Diaz Nunez, Sofia","Ortiz Amaro, Fabian","Spin y Puntos","Peter y Pollo","4"
"37e7dc1a-f35b-465a-8e4b-fbabfe22cc8e|0-0#1","","2026-09-20","09:00 am","Group 1 (A vs. C)","singles","9af43684-6c7b-4249-a329-d420620d7968|37869","9af43684-6c7b-4249-a329-d420620d7968|57576","fptm|37869","fptm|57576","9af43684-6c7b-4249-a329-d420620d7968|37869","9af43684-6c7b-4249-a329-d420620d7968|57576","fptm|37869","fptm|57576","5,-9,9,6","11-5,9-11,11-9,11-6","9af43684-6c7b-4249-a329-d420620d7968|division-2","Division 2","37e7dc1a-f35b-465a-8e4b-fbabfe22cc8e","RR (Consolation Div 2)","Pietri Rivera, Diego","Ortiz Vazquez, Derick","Los Pelus","Peter y Pollo","1"
"37e7dc1a-f35b-465a-8e4b-fbabfe22cc8e|0-0#2","","2026-09-20","09:00 am","Group 1 (A vs. C)","singles","9af43684-6c7b-4249-a329-d420620d7968|76540","9af43684-6c7b-4249-a329-d420620d7968|79514","fptm|76540","fptm|79514","9af43684-6c7b-4249-a329-d420620d7968|76540","9af43684-6c7b-4249-a329-d420620d7968|79514","fptm|76540","fptm|79514","6,7,-7,9","11-6,11-7,7-11,11-9","9af43684-6c7b-4249-a329-d420620d7968|division-2","Division 2","37e7dc1a-f35b-465a-8e4b-fbabfe22cc8e","RR (Consolation Div 2)","Lozada Virella, Aiden","Ortiz Amaro, Fabian","Los Pelus","Peter y Pollo","2"
"37e7dc1a-f35b-465a-8e4b-fbabfe22cc8e|0-0#4","","2026-09-20","09:00 am","Group 1 (A vs. C)","singles","9af43684-6c7b-4249-a329-d420620d7968|37869","9af43684-6c7b-4249-a329-d420620d7968|79514","fptm|37869","fptm|79514","9af43684-6c7b-4249-a329-d420620d7968|37869","9af43684-6c7b-4249-a329-d420620d7968|79514","fptm|37869","fptm|79514","5,10,7","11-5,12-10,11-7","9af43684-6c7b-4249-a329-d420620d7968|division-2","Division 2","37e7dc1a-f35b-465a-8e4b-fbabfe22cc8e","RR (Consolation Div 2)","Pietri Rivera, Diego","Ortiz Amaro, Fabian","Los Pelus","Peter y Pollo","4"
"d0559e7a-50cf-4c3c-b8d8-2bd26daa9af3|0-7#1","","2026-09-20","09:00 am","Round of 16 #8","singles","9af43684-6c7b-4249-a329-d420620d7968|19287","9af43684-6c7b-4249-a329-d420620d7968|84341","fptm|19287","fptm|84341","9af43684-6c7b-4249-a329-d420620d7968|84341","9af43684-6c7b-4249-a329-d420620d7968|19287","fptm|84341","fptm|19287","7,9,9","11-7,11-9,11-9","9af43684-6c7b-4249-a329-d420620d7968|division-2","Division 2","d0559e7a-50cf-4c3c-b8d8-2bd26daa9af3","Llave Principal","Aponte Rivera, Ariana","Vega Borrero, Leilanisbet","Los Peliculeros","Los hijos de ECEDAO","1"
"d0559e7a-50cf-4c3c-b8d8-2bd26daa9af3|0-7#2","","2026-09-20","09:00 am","Round of 16 #8","singles","9af43684-6c7b-4249-a329-d420620d7968|40021","9af43684-6c7b-4249-a329-d420620d7968|92240","fptm|40021","fptm|92240","9af43684-6c7b-4249-a329-d420620d7968|92240","9af43684-6c7b-4249-a329-d420620d7968|40021","fptm|92240","fptm|40021","-7,8,-9,13,8","7-11,11-8,9-11,15-13,11-8","9af43684-6c7b-4249-a329-d420620d7968|division-2","Division 2","d0559e7a-50cf-4c3c-b8d8-2bd26daa9af3","Llave Principal","Hernandez Torres, Elier","Maldonado Santos, Steven","Los Peliculeros","Los hijos de ECEDAO","2"
"d0559e7a-50cf-4c3c-b8d8-2bd26daa9af3|0-6#1","","2026-09-20","09:00 am","Round of 16 #7","singles","9af43684-6c7b-4249-a329-d420620d7968|19358","9af43684-6c7b-4249-a329-d420620d7968|42953","fptm|19358","fptm|42953","9af43684-6c7b-4249-a329-d420620d7968|19358","9af43684-6c7b-4249-a329-d420620d7968|42953","fptm|19358","fptm|42953","8,7,-7,5","11-8,11-7,7-11,11-5","9af43684-6c7b-4249-a329-d420620d7968|division-2","Division 2","d0559e7a-50cf-4c3c-b8d8-2bd26daa9af3","Llave Principal","Bonome Burgos, Aurora","Rosario Fersola, Salvador","Dúo Dinámico (Aurobri)","Doble impacto","1"
"d0559e7a-50cf-4c3c-b8d8-2bd26daa9af3|0-6#2","","2026-09-20","09:00 am","Round of 16 #7","singles","9af43684-6c7b-4249-a329-d420620d7968|45382","9af43684-6c7b-4249-a329-d420620d7968|15695","fptm|45382","fptm|15695","9af43684-6c7b-4249-a329-d420620d7968|15695","9af43684-6c7b-4249-a329-d420620d7968|45382","fptm|15695","fptm|45382","10,-7,7,9","12-10,7-11,11-7,11-9","9af43684-6c7b-4249-a329-d420620d7968|division-2","Division 2","d0559e7a-50cf-4c3c-b8d8-2bd26daa9af3","Llave Principal","Cora Rodriguez, Raymond","Rodriguez Marrero, Brianna","Dúo Dinámico (Aurobri)","Doble impacto","2"
"d0559e7a-50cf-4c3c-b8d8-2bd26daa9af3|0-6#4","","2026-09-20","09:00 am","Round of 16 #7","singles","9af43684-6c7b-4249-a329-d420620d7968|19358","9af43684-6c7b-4249-a329-d420620d7968|15695","fptm|19358","fptm|15695","9af43684-6c7b-4249-a329-d420620d7968|15695","9af43684-6c7b-4249-a329-d420620d7968|19358","fptm|15695","fptm|19358","6,7,3","11-6,11-7,11-3","9af43684-6c7b-4249-a329-d420620d7968|division-2","Division 2","d0559e7a-50cf-4c3c-b8d8-2bd26daa9af3","Llave Principal","Cora Rodriguez, Raymond","Bonome Burgos, Aurora","Dúo Dinámico (Aurobri)","Doble impacto","4"
"d0559e7a-50cf-4c3c-b8d8-2bd26daa9af3|0-3#1","","2026-09-20","09:00 am","Round of 16 #4","singles","9af43684-6c7b-4249-a329-d420620d7968|99166","9af43684-6c7b-4249-a329-d420620d7968|80284","fptm|99166","fptm|80284","9af43684-6c7b-4249-a329-d420620d7968|80284","9af43684-6c7b-4249-a329-d420620d7968|99166","fptm|80284","fptm|99166","10,4,1","12-10,11-4,11-1","9af43684-6c7b-4249-a329-d420620d7968|division-2","Division 2","d0559e7a-50cf-4c3c-b8d8-2bd26daa9af3","Llave Principal","Davila Gonzalez, Naim","Gonzalez Maldonado, Yeniel","LOS OLÍMPICOS DE TEMU","Las Leyendas","1"
"d0559e7a-50cf-4c3c-b8d8-2bd26daa9af3|0-3#2","","2026-09-20","09:00 am","Round of 16 #4","singles","9af43684-6c7b-4249-a329-d420620d7968|91959","9af43684-6c7b-4249-a329-d420620d7968|51245","fptm|91959","fptm|51245","9af43684-6c7b-4249-a329-d420620d7968|51245","9af43684-6c7b-4249-a329-d420620d7968|91959","fptm|51245","fptm|91959","-9,-11,6,7,6","9-11,11-13,11-6,11-7,11-6","9af43684-6c7b-4249-a329-d420620d7968|division-2","Division 2","d0559e7a-50cf-4c3c-b8d8-2bd26daa9af3","Llave Principal","Torres Ortega, Johnell","Vega Rodriguez, Jednniel","LOS OLÍMPICOS DE TEMU","Las Leyendas","2"
"d0559e7a-50cf-4c3c-b8d8-2bd26daa9af3|0-2#1","","2026-09-20","09:00 am","Round of 16 #3","singles","9af43684-6c7b-4249-a329-d420620d7968|56566","9af43684-6c7b-4249-a329-d420620d7968|63354","fptm|56566","fptm|63354","9af43684-6c7b-4249-a329-d420620d7968|56566","9af43684-6c7b-4249-a329-d420620d7968|63354","fptm|56566","fptm|63354","9,11,7","11-9,13-11,11-7","9af43684-6c7b-4249-a329-d420620d7968|division-2","Division 2","d0559e7a-50cf-4c3c-b8d8-2bd26daa9af3","Llave Principal","Falcon Cruz, George","Perez Fernandez, Josue","LOS KLANDEZTINOS","Los nenes","1"
"d0559e7a-50cf-4c3c-b8d8-2bd26daa9af3|0-2#2","","2026-09-20","09:00 am","Round of 16 #3","singles","9af43684-6c7b-4249-a329-d420620d7968|44993","9af43684-6c7b-4249-a329-d420620d7968|18326","fptm|44993","fptm|18326","9af43684-6c7b-4249-a329-d420620d7968|44993","9af43684-6c7b-4249-a329-d420620d7968|18326","fptm|44993","fptm|18326","3,8,7","11-3,11-8,11-7","9af43684-6c7b-4249-a329-d420620d7968|division-2","Division 2","d0559e7a-50cf-4c3c-b8d8-2bd26daa9af3","Llave Principal","Acevedo Velazquez, Rene","Rivera Rivera, Ryan","LOS KLANDEZTINOS","Los nenes","2"
"d0559e7a-50cf-4c3c-b8d8-2bd26daa9af3|0-2#4","","2026-09-20","09:00 am","Round of 16 #3","singles","9af43684-6c7b-4249-a329-d420620d7968|56566","9af43684-6c7b-4249-a329-d420620d7968|18326","fptm|56566","fptm|18326","9af43684-6c7b-4249-a329-d420620d7968|18326","9af43684-6c7b-4249-a329-d420620d7968|56566","fptm|18326","fptm|56566","-9,9,11,10","9-11,11-9,13-11,12-10","9af43684-6c7b-4249-a329-d420620d7968|division-2","Division 2","d0559e7a-50cf-4c3c-b8d8-2bd26daa9af3","Llave Principal","Rivera Rivera, Ryan","Falcon Cruz, George","LOS KLANDEZTINOS","Los nenes","4"
"d0559e7a-50cf-4c3c-b8d8-2bd26daa9af3|0-2#5","","2026-09-20","09:00 am","Round of 16 #3","singles","9af43684-6c7b-4249-a329-d420620d7968|44993","9af43684-6c7b-4249-a329-d420620d7968|63354","fptm|44993","fptm|63354","9af43684-6c7b-4249-a329-d420620d7968|63354","9af43684-6c7b-4249-a329-d420620d7968|44993","fptm|63354","fptm|44993","-8,10,9,8","8-11,12-10,11-9,11-8","9af43684-6c7b-4249-a329-d420620d7968|division-2","Division 2","d0559e7a-50cf-4c3c-b8d8-2bd26daa9af3","Llave Principal","Perez Fernandez, Josue","Acevedo Velazquez, Rene","LOS KLANDEZTINOS","Los nenes","5"
"d0559e7a-50cf-4c3c-b8d8-2bd26daa9af3|0-1#1","","2026-09-20","09:00 am","Round of 16 #2","singles","9af43684-6c7b-4249-a329-d420620d7968|95909","9af43684-6c7b-4249-a329-d420620d7968|99593","fptm|95909","fptm|99593","9af43684-6c7b-4249-a329-d420620d7968|99593","9af43684-6c7b-4249-a329-d420620d7968|95909","fptm|99593","fptm|95909","9,6,4","11-9,11-6,11-4","9af43684-6c7b-4249-a329-d420620d7968|division-2","Division 2","d0559e7a-50cf-4c3c-b8d8-2bd26daa9af3","Llave Principal","Lopez Nieves, Jahaziel","Cruz Alvarez, Omar","la combi platina","Suzanahoria","1"
"d0559e7a-50cf-4c3c-b8d8-2bd26daa9af3|0-1#2","","2026-09-20","09:00 am","Round of 16 #2","singles","9af43684-6c7b-4249-a329-d420620d7968|57447","9af43684-6c7b-4249-a329-d420620d7968|65333","fptm|57447","fptm|65333","9af43684-6c7b-4249-a329-d420620d7968|65333","9af43684-6c7b-4249-a329-d420620d7968|57447","fptm|65333","fptm|57447","7,-4,6,7","11-7,4-11,11-6,11-7","9af43684-6c7b-4249-a329-d420620d7968|division-2","Division 2","d0559e7a-50cf-4c3c-b8d8-2bd26daa9af3","Llave Principal","Cortes Guerrero, Sebastian","Marrero Negron, Christian","la combi platina","Suzanahoria","2"
"d0559e7a-50cf-4c3c-b8d8-2bd26daa9af3|0-1#4","","2026-09-20","09:00 am","Round of 16 #2","singles","9af43684-6c7b-4249-a329-d420620d7968|95909","9af43684-6c7b-4249-a329-d420620d7968|65333","fptm|95909","fptm|65333","9af43684-6c7b-4249-a329-d420620d7968|65333","9af43684-6c7b-4249-a329-d420620d7968|95909","fptm|65333","fptm|95909","-4,10,7,7","4-11,12-10,11-7,11-7","9af43684-6c7b-4249-a329-d420620d7968|division-2","Division 2","d0559e7a-50cf-4c3c-b8d8-2bd26daa9af3","Llave Principal","Cortes Guerrero, Sebastian","Cruz Alvarez, Omar","la combi platina","Suzanahoria","4"
"d0559e7a-50cf-4c3c-b8d8-2bd26daa9af3|0-0#1","","2026-09-20","09:00 am","Round of 16 #1","singles","9af43684-6c7b-4249-a329-d420620d7968|93320","9af43684-6c7b-4249-a329-d420620d7968|16175","fptm|93320","fptm|16175","9af43684-6c7b-4249-a329-d420620d7968|93320","9af43684-6c7b-4249-a329-d420620d7968|16175","fptm|93320","fptm|16175","6,9,-9,7","11-6,11-9,9-11,11-7","9af43684-6c7b-4249-a329-d420620d7968|division-2","Division 2","d0559e7a-50cf-4c3c-b8d8-2bd26daa9af3","Llave Principal","Mejias Vazquez, Jesus","Cintron Matos, April","Jesus Mejias Vazquez / Jeriel Torres Rivera","Cookie and Cream","1"
"d0559e7a-50cf-4c3c-b8d8-2bd26daa9af3|0-0#2","","2026-09-20","09:00 am","Round of 16 #1","singles","9af43684-6c7b-4249-a329-d420620d7968|93227","9af43684-6c7b-4249-a329-d420620d7968|39871","fptm|93227","fptm|39871","9af43684-6c7b-4249-a329-d420620d7968|93227","9af43684-6c7b-4249-a329-d420620d7968|39871","fptm|93227","fptm|39871","-6,10,6,6","6-11,12-10,11-6,11-6","9af43684-6c7b-4249-a329-d420620d7968|division-2","Division 2","d0559e7a-50cf-4c3c-b8d8-2bd26daa9af3","Llave Principal","Torres Rivera, Jeriel","Alvarado Santiago, Emely","Jesus Mejias Vazquez / Jeriel Torres Rivera","Cookie and Cream","2"
"af7339b2-336c-496c-9f80-1551a8153df1|2-0#1","","2026-09-19","05:00 pm","Semifinal #1","singles","9af43684-6c7b-4249-a329-d420620d7968|65461","9af43684-6c7b-4249-a329-d420620d7968|77391","fptm|65461","fptm|77391","9af43684-6c7b-4249-a329-d420620d7968|77391","9af43684-6c7b-4249-a329-d420620d7968|65461","fptm|77391","fptm|65461","-6,4,-5,9,5","6-11,11-4,5-11,11-9,11-5","9af43684-6c7b-4249-a329-d420620d7968|division-3","Division 3 - Consolación","af7339b2-336c-496c-9f80-1551a8153df1","Llave Consolación","Perez Collazo, Matteo","Rios Camacho, Samuel","Puntos Largos SS","Los baby’s","1"
"af7339b2-336c-496c-9f80-1551a8153df1|2-0#2","","2026-09-19","05:00 pm","Semifinal #1","singles","9af43684-6c7b-4249-a329-d420620d7968|34957","9af43684-6c7b-4249-a329-d420620d7968|56025","fptm|34957","fptm|56025","9af43684-6c7b-4249-a329-d420620d7968|34957","9af43684-6c7b-4249-a329-d420620d7968|56025","fptm|34957","fptm|56025","9,3,3","11-9,11-3,11-3","9af43684-6c7b-4249-a329-d420620d7968|division-3","Division 3 - Consolación","af7339b2-336c-496c-9f80-1551a8153df1","Llave Consolación","Matos Rivera, Sol","Torres Montero, Hector","Puntos Largos SS","Los baby’s","2"
"af7339b2-336c-496c-9f80-1551a8153df1|2-0#4","","2026-09-19","05:00 pm","Semifinal #1","singles","9af43684-6c7b-4249-a329-d420620d7968|65461","9af43684-6c7b-4249-a329-d420620d7968|56025","fptm|65461","fptm|56025","9af43684-6c7b-4249-a329-d420620d7968|65461","9af43684-6c7b-4249-a329-d420620d7968|56025","fptm|65461","fptm|56025","3,7,6","11-3,11-7,11-6","9af43684-6c7b-4249-a329-d420620d7968|division-3","Division 3 - Consolación","af7339b2-336c-496c-9f80-1551a8153df1","Llave Consolación","Rios Camacho, Samuel","Torres Montero, Hector","Puntos Largos SS","Los baby’s","4"
"af7339b2-336c-496c-9f80-1551a8153df1|2-0#5","","2026-09-19","05:00 pm","Semifinal #1","singles","9af43684-6c7b-4249-a329-d420620d7968|34957","9af43684-6c7b-4249-a329-d420620d7968|77391","fptm|34957","fptm|77391","9af43684-6c7b-4249-a329-d420620d7968|77391","9af43684-6c7b-4249-a329-d420620d7968|34957","fptm|77391","fptm|34957","-6,7,13,10","6-11,11-7,15-13,12-10","9af43684-6c7b-4249-a329-d420620d7968|division-3","Division 3 - Consolación","af7339b2-336c-496c-9f80-1551a8153df1","Llave Consolación","Perez Collazo, Matteo","Matos Rivera, Sol","Puntos Largos SS","Los baby’s","5"
"af7339b2-336c-496c-9f80-1551a8153df1|0-5#1","","2026-09-19","05:00 pm","Round of 16 #6","singles","9af43684-6c7b-4249-a329-d420620d7968|93074","9af43684-6c7b-4249-a329-d420620d7968|34914","fptm|93074","fptm|34914","9af43684-6c7b-4249-a329-d420620d7968|93074","9af43684-6c7b-4249-a329-d420620d7968|34914","fptm|93074","fptm|34914","4,7,5","11-4,11-7,11-5","9af43684-6c7b-4249-a329-d420620d7968|division-3","Division 3 - Consolación","af7339b2-336c-496c-9f80-1551a8153df1","Llave Consolación","Negron Rosario, Genesis","Maymi Pietri, Adrian","Gold Girls","Peso Ligero","1"
"af7339b2-336c-496c-9f80-1551a8153df1|0-5#2","","2026-09-19","05:00 pm","Round of 16 #6","singles","9af43684-6c7b-4249-a329-d420620d7968|22657","9af43684-6c7b-4249-a329-d420620d7968|56438","fptm|22657","fptm|56438","9af43684-6c7b-4249-a329-d420620d7968|56438","9af43684-6c7b-4249-a329-d420620d7968|22657","fptm|56438","fptm|22657","9,-7,-8,15,10","11-9,7-11,8-11,17-15,12-10","9af43684-6c7b-4249-a329-d420620d7968|division-3","Division 3 - Consolación","af7339b2-336c-496c-9f80-1551a8153df1","Llave Consolación","Nazario Colon, Carla","Sierra Delgado, Nahiara Danae","Gold Girls","Peso Ligero","2"
"af7339b2-336c-496c-9f80-1551a8153df1|0-5#4","","2026-09-19","05:00 pm","Round of 16 #6","singles","9af43684-6c7b-4249-a329-d420620d7968|93074","9af43684-6c7b-4249-a329-d420620d7968|56438","fptm|93074","fptm|56438","9af43684-6c7b-4249-a329-d420620d7968|56438","9af43684-6c7b-4249-a329-d420620d7968|93074","fptm|56438","fptm|93074","10,8,7","12-10,11-8,11-7","9af43684-6c7b-4249-a329-d420620d7968|division-3","Division 3 - Consolación","af7339b2-336c-496c-9f80-1551a8153df1","Llave Consolación","Nazario Colon, Carla","Negron Rosario, Genesis","Gold Girls","Peso Ligero","4"
"af7339b2-336c-496c-9f80-1551a8153df1|0-3#1","","2026-09-19","05:00 pm","Round of 16 #4","singles","9af43684-6c7b-4249-a329-d420620d7968|84593","9af43684-6c7b-4249-a329-d420620d7968|77391","fptm|84593","fptm|77391","9af43684-6c7b-4249-a329-d420620d7968|77391","9af43684-6c7b-4249-a329-d420620d7968|84593","fptm|77391","fptm|84593","1,7,8","11-1,11-7,11-8","9af43684-6c7b-4249-a329-d420620d7968|division-3","Division 3 - Consolación","af7339b2-336c-496c-9f80-1551a8153df1","Llave Consolación","Perez Collazo, Matteo","Zayas Fernandez, Wildiangelis","doble divas","Los baby’s","1"
"af7339b2-336c-496c-9f80-1551a8153df1|0-3#2","","2026-09-19","05:00 pm","Round of 16 #4","singles","9af43684-6c7b-4249-a329-d420620d7968|97806","9af43684-6c7b-4249-a329-d420620d7968|56025","fptm|97806","fptm|56025","9af43684-6c7b-4249-a329-d420620d7968|56025","9af43684-6c7b-4249-a329-d420620d7968|97806","fptm|56025","fptm|97806","5,8,9","11-5,11-8,11-9","9af43684-6c7b-4249-a329-d420620d7968|division-3","Division 3 - Consolación","af7339b2-336c-496c-9f80-1551a8153df1","Llave Consolación","Torres Montero, Hector","Martinez Subervi, Kamille","doble divas","Los baby’s","2"
"af7339b2-336c-496c-9f80-1551a8153df1|0-2#1","","2026-09-19","05:00 pm","Round of 16 #3","singles","9af43684-6c7b-4249-a329-d420620d7968|70637","9af43684-6c7b-4249-a329-d420620d7968|32810","fptm|70637","fptm|32810","9af43684-6c7b-4249-a329-d420620d7968|32810","9af43684-6c7b-4249-a329-d420620d7968|70637","fptm|32810","fptm|70637","7,4,11","11-7,11-4,13-11","9af43684-6c7b-4249-a329-d420620d7968|division-3","Division 3 - Consolación","af7339b2-336c-496c-9f80-1551a8153df1","Llave Consolación","Morales Silva, Yeidymar","Rivera Candelario, Ana","Pequeñas Gigantes","Yeidymar Morales Silva / Kamila Ortiz Fargas","1"
"af7339b2-336c-496c-9f80-1551a8153df1|0-2#2","","2026-09-19","05:00 pm","Round of 16 #3","singles","9af43684-6c7b-4249-a329-d420620d7968|22224","9af43684-6c7b-4249-a329-d420620d7968|63964","fptm|22224","fptm|63964","9af43684-6c7b-4249-a329-d420620d7968|63964","9af43684-6c7b-4249-a329-d420620d7968|22224","fptm|63964","fptm|22224","5,9,6","11-5,11-9,11-6","9af43684-6c7b-4249-a329-d420620d7968|division-3","Division 3 - Consolación","af7339b2-336c-496c-9f80-1551a8153df1","Llave Consolación","Ortiz Fargas, Kamila","Vazquez Morales, Catalina","Pequeñas Gigantes","Yeidymar Morales Silva / Kamila Ortiz Fargas","2"
"af7339b2-336c-496c-9f80-1551a8153df1|0-1#1","","2026-09-19","05:00 pm","Round of 16 #2","singles","9af43684-6c7b-4249-a329-d420620d7968|48940","9af43684-6c7b-4249-a329-d420620d7968|49363","fptm|48940","fptm|49363","9af43684-6c7b-4249-a329-d420620d7968|48940","9af43684-6c7b-4249-a329-d420620d7968|49363","fptm|48940","fptm|49363","5,-9,3,2","11-5,9-11,11-3,11-2","9af43684-6c7b-4249-a329-d420620d7968|division-3","Division 3 - Consolación","af7339b2-336c-496c-9f80-1551a8153df1","Llave Consolación","Trinidad Vazquez, Ketwin","Perez Irizarry, Arhalia","Los Caballitos","Las Bravas","1"
"af7339b2-336c-496c-9f80-1551a8153df1|0-1#2","","2026-09-19","05:00 pm","Round of 16 #2","singles","9af43684-6c7b-4249-a329-d420620d7968|69735","9af43684-6c7b-4249-a329-d420620d7968|97410","fptm|69735","fptm|97410","9af43684-6c7b-4249-a329-d420620d7968|69735","9af43684-6c7b-4249-a329-d420620d7968|97410","fptm|69735","fptm|97410","1,3,3","11-1,11-3,11-3","9af43684-6c7b-4249-a329-d420620d7968|division-3","Division 3 - Consolación","af7339b2-336c-496c-9f80-1551a8153df1","Llave Consolación","Ramos Dipiní, Dereck","Vazquez Morales, Valentina","Los Caballitos","Las Bravas","2"
"a7b00c3b-38aa-4bd0-bd0f-dc0034c295d7|3-1#1","","2026-09-19","04:30 pm","3rd Place","singles","9af43684-6c7b-4249-a329-d420620d7968|86503","9af43684-6c7b-4249-a329-d420620d7968|74042","fptm|86503","fptm|74042","9af43684-6c7b-4249-a329-d420620d7968|86503","9af43684-6c7b-4249-a329-d420620d7968|74042","fptm|86503","fptm|74042","4,8,9","11-4,11-8,11-9","9af43684-6c7b-4249-a329-d420620d7968|division-3","Division 3","a7b00c3b-38aa-4bd0-bd0f-dc0034c295d7","Llave Principal","Garcia Vazquez, Liana","Medina Diaz, Carlos","Escuela del Deporte SJ","R2D2 y C3PO","1"
"a7b00c3b-38aa-4bd0-bd0f-dc0034c295d7|3-1#2","","2026-09-19","04:30 pm","3rd Place","singles","9af43684-6c7b-4249-a329-d420620d7968|38080","9af43684-6c7b-4249-a329-d420620d7968|95180","fptm|38080","fptm|95180","9af43684-6c7b-4249-a329-d420620d7968|38080","9af43684-6c7b-4249-a329-d420620d7968|95180","fptm|38080","fptm|95180","-4,4,8,12","4-11,11-4,11-8,14-12","9af43684-6c7b-4249-a329-d420620d7968|division-3","Division 3","a7b00c3b-38aa-4bd0-bd0f-dc0034c295d7","Llave Principal","Ortiz Fargas, Emmanuel","Garcia Ramos, Ian","Escuela del Deporte SJ","R2D2 y C3PO","2"
"a7b00c3b-38aa-4bd0-bd0f-dc0034c295d7|3-1#4","","2026-09-19","04:30 pm","3rd Place","singles","9af43684-6c7b-4249-a329-d420620d7968|86503","9af43684-6c7b-4249-a329-d420620d7968|95180","fptm|86503","fptm|95180","9af43684-6c7b-4249-a329-d420620d7968|95180","9af43684-6c7b-4249-a329-d420620d7968|86503","fptm|95180","fptm|86503","6,5,7","11-6,11-5,11-7","9af43684-6c7b-4249-a329-d420620d7968|division-3","Division 3","a7b00c3b-38aa-4bd0-bd0f-dc0034c295d7","Llave Principal","Garcia Ramos, Ian","Garcia Vazquez, Liana","Escuela del Deporte SJ","R2D2 y C3PO","4"
"a7b00c3b-38aa-4bd0-bd0f-dc0034c295d7|3-1#5","","2026-09-19","04:30 pm","3rd Place","singles","9af43684-6c7b-4249-a329-d420620d7968|38080","9af43684-6c7b-4249-a329-d420620d7968|74042","fptm|38080","fptm|74042","9af43684-6c7b-4249-a329-d420620d7968|74042","9af43684-6c7b-4249-a329-d420620d7968|38080","fptm|74042","fptm|38080","5,8,-8,10","11-5,11-8,8-11,12-10","9af43684-6c7b-4249-a329-d420620d7968|division-3","Division 3","a7b00c3b-38aa-4bd0-bd0f-dc0034c295d7","Llave Principal","Medina Diaz, Carlos","Ortiz Fargas, Emmanuel","Escuela del Deporte SJ","R2D2 y C3PO","5"
"a7b00c3b-38aa-4bd0-bd0f-dc0034c295d7|3-0#1","","2026-09-19","04:30 pm","Final","singles","9af43684-6c7b-4249-a329-d420620d7968|21226","9af43684-6c7b-4249-a329-d420620d7968|72296","fptm|21226","fptm|72296","9af43684-6c7b-4249-a329-d420620d7968|21226","9af43684-6c7b-4249-a329-d420620d7968|72296","fptm|21226","fptm|72296","7,3,11","11-7,11-3,13-11","9af43684-6c7b-4249-a329-d420620d7968|division-3","Division 3","a7b00c3b-38aa-4bd0-bd0f-dc0034c295d7","Llave Principal","Nazario Colon, Abdiel","Lopez Rodriguez, Carlos","PRBSA 1","Los Taki","1"
"a7b00c3b-38aa-4bd0-bd0f-dc0034c295d7|3-0#2","","2026-09-19","04:30 pm","Final","singles","9af43684-6c7b-4249-a329-d420620d7968|63883","9af43684-6c7b-4249-a329-d420620d7968|50857","fptm|63883","fptm|50857","9af43684-6c7b-4249-a329-d420620d7968|50857","9af43684-6c7b-4249-a329-d420620d7968|63883","fptm|50857","fptm|63883","11,5,12","13-11,11-5,14-12","9af43684-6c7b-4249-a329-d420620d7968|division-3","Division 3","a7b00c3b-38aa-4bd0-bd0f-dc0034c295d7","Llave Principal","Cortes Guerrero, Dante","Sanchez Lozada, Jean","PRBSA 1","Los Taki","2"
"a7b00c3b-38aa-4bd0-bd0f-dc0034c295d7|3-0#4","","2026-09-19","04:30 pm","Final","singles","9af43684-6c7b-4249-a329-d420620d7968|21226","9af43684-6c7b-4249-a329-d420620d7968|50857","fptm|21226","fptm|50857","9af43684-6c7b-4249-a329-d420620d7968|50857","9af43684-6c7b-4249-a329-d420620d7968|21226","fptm|50857","fptm|21226","5,9,7","11-5,11-9,11-7","9af43684-6c7b-4249-a329-d420620d7968|division-3","Division 3","a7b00c3b-38aa-4bd0-bd0f-dc0034c295d7","Llave Principal","Cortes Guerrero, Dante","Nazario Colon, Abdiel","PRBSA 1","Los Taki","4"
"a7b00c3b-38aa-4bd0-bd0f-dc0034c295d7|2-1#1","","2026-09-19","04:30 pm","Semifinal #2","singles","9af43684-6c7b-4249-a329-d420620d7968|95180","9af43684-6c7b-4249-a329-d420620d7968|72296","fptm|95180","fptm|72296","9af43684-6c7b-4249-a329-d420620d7968|72296","9af43684-6c7b-4249-a329-d420620d7968|95180","fptm|72296","fptm|95180","9,8,9","11-9,11-8,11-9","9af43684-6c7b-4249-a329-d420620d7968|division-3","Division 3","a7b00c3b-38aa-4bd0-bd0f-dc0034c295d7","Llave Principal","Lopez Rodriguez, Carlos","Garcia Ramos, Ian","R2D2 y C3PO","Los Taki","1"
"a7b00c3b-38aa-4bd0-bd0f-dc0034c295d7|2-1#2","","2026-09-19","04:30 pm","Semifinal #2","singles","9af43684-6c7b-4249-a329-d420620d7968|74042","9af43684-6c7b-4249-a329-d420620d7968|50857","fptm|74042","fptm|50857","9af43684-6c7b-4249-a329-d420620d7968|50857","9af43684-6c7b-4249-a329-d420620d7968|74042","fptm|50857","fptm|74042","9,-7,4,-9,4","11-9,7-11,11-4,9-11,11-4","9af43684-6c7b-4249-a329-d420620d7968|division-3","Division 3","a7b00c3b-38aa-4bd0-bd0f-dc0034c295d7","Llave Principal","Cortes Guerrero, Dante","Medina Diaz, Carlos","R2D2 y C3PO","Los Taki","2"
"a7b00c3b-38aa-4bd0-bd0f-dc0034c295d7|2-0#1","","2026-09-19","04:30 pm","Semifinal #1","singles","9af43684-6c7b-4249-a329-d420620d7968|38080","9af43684-6c7b-4249-a329-d420620d7968|21226","fptm|38080","fptm|21226","9af43684-6c7b-4249-a329-d420620d7968|21226","9af43684-6c7b-4249-a329-d420620d7968|38080","fptm|21226","fptm|38080","7,4,6","11-7,11-4,11-6","9af43684-6c7b-4249-a329-d420620d7968|division-3","Division 3","a7b00c3b-38aa-4bd0-bd0f-dc0034c295d7","Llave Principal","Nazario Colon, Abdiel","Ortiz Fargas, Emmanuel","Escuela del Deporte SJ","PRBSA 1","1"
"a7b00c3b-38aa-4bd0-bd0f-dc0034c295d7|2-0#2","","2026-09-19","04:30 pm","Semifinal #1","singles","9af43684-6c7b-4249-a329-d420620d7968|86503","9af43684-6c7b-4249-a329-d420620d7968|63883","fptm|86503","fptm|63883","9af43684-6c7b-4249-a329-d420620d7968|86503","9af43684-6c7b-4249-a329-d420620d7968|63883","fptm|86503","fptm|63883","11,6,-9,9","13-11,11-6,9-11,11-9","9af43684-6c7b-4249-a329-d420620d7968|division-3","Division 3","a7b00c3b-38aa-4bd0-bd0f-dc0034c295d7","Llave Principal","Garcia Vazquez, Liana","Sanchez Lozada, Jean","Escuela del Deporte SJ","PRBSA 1","2"
"a7b00c3b-38aa-4bd0-bd0f-dc0034c295d7|2-0#4","","2026-09-19","04:30 pm","Semifinal #1","singles","9af43684-6c7b-4249-a329-d420620d7968|86503","9af43684-6c7b-4249-a329-d420620d7968|21226","fptm|86503","fptm|21226","9af43684-6c7b-4249-a329-d420620d7968|21226","9af43684-6c7b-4249-a329-d420620d7968|86503","fptm|21226","fptm|86503","8,5,8","11-8,11-5,11-8","9af43684-6c7b-4249-a329-d420620d7968|division-3","Division 3","a7b00c3b-38aa-4bd0-bd0f-dc0034c295d7","Llave Principal","Nazario Colon, Abdiel","Garcia Vazquez, Liana","Escuela del Deporte SJ","PRBSA 1","4"
"a7b00c3b-38aa-4bd0-bd0f-dc0034c295d7|0-7#1","","2026-09-19","04:30 pm","Round of 16 #8","singles","9af43684-6c7b-4249-a329-d420620d7968|72296","9af43684-6c7b-4249-a329-d420620d7968|66985","fptm|72296","fptm|66985","9af43684-6c7b-4249-a329-d420620d7968|72296","9af43684-6c7b-4249-a329-d420620d7968|66985","fptm|72296","fptm|66985","6,-8,8,9","11-6,8-11,11-8,11-9","9af43684-6c7b-4249-a329-d420620d7968|division-3","Division 3","a7b00c3b-38aa-4bd0-bd0f-dc0034c295d7","Llave Principal","Lopez Rodriguez, Carlos","Lozada Vega, Joanel","Los Taki","Joanel Lozada Vega / Ivan Miranda Tirado","1"
"a7b00c3b-38aa-4bd0-bd0f-dc0034c295d7|0-7#2","","2026-09-19","04:30 pm","Round of 16 #8","singles","9af43684-6c7b-4249-a329-d420620d7968|50857","9af43684-6c7b-4249-a329-d420620d7968|41571","fptm|50857","fptm|41571","9af43684-6c7b-4249-a329-d420620d7968|50857","9af43684-6c7b-4249-a329-d420620d7968|41571","fptm|50857","fptm|41571","4,8,4","11-4,11-8,11-4","9af43684-6c7b-4249-a329-d420620d7968|division-3","Division 3","a7b00c3b-38aa-4bd0-bd0f-dc0034c295d7","Llave Principal","Cortes Guerrero, Dante","Miranda Tirado, Ivan","Los Taki","Joanel Lozada Vega / Ivan Miranda Tirado","2"
"a7b00c3b-38aa-4bd0-bd0f-dc0034c295d7|0-6#1","","2026-09-19","04:30 pm","Round of 16 #7","singles","9af43684-6c7b-4249-a329-d420620d7968|98259","9af43684-6c7b-4249-a329-d420620d7968|42493","fptm|98259","fptm|42493","9af43684-6c7b-4249-a329-d420620d7968|98259","9af43684-6c7b-4249-a329-d420620d7968|42493","fptm|98259","fptm|42493","-11,10,7,9","11-13,12-10,11-7,11-9","9af43684-6c7b-4249-a329-d420620d7968|division-3","Division 3","a7b00c3b-38aa-4bd0-bd0f-dc0034c295d7","Llave Principal","Frye Santiago, Fiorella","Mateo De Jesus, Jeyliaris","Fiorella y Onix","2 Raquetas, 1 Problema","1"
"a7b00c3b-38aa-4bd0-bd0f-dc0034c295d7|0-6#2","","2026-09-19","04:30 pm","Round of 16 #7","singles","9af43684-6c7b-4249-a329-d420620d7968|76542","9af43684-6c7b-4249-a329-d420620d7968|94012","fptm|76542","fptm|94012","9af43684-6c7b-4249-a329-d420620d7968|76542","9af43684-6c7b-4249-a329-d420620d7968|94012","fptm|76542","fptm|94012","4,-11,-8,6,10","11-4,11-13,8-11,11-6,12-10","9af43684-6c7b-4249-a329-d420620d7968|division-3","Division 3","a7b00c3b-38aa-4bd0-bd0f-dc0034c295d7","Llave Principal","Perez Ortiz, Onix","Perez Alvarado, Susana","Fiorella y Onix","2 Raquetas, 1 Problema","2"
"a7b00c3b-38aa-4bd0-bd0f-dc0034c295d7|0-5#1","","2026-09-19","04:30 pm","Round of 16 #6","singles","9af43684-6c7b-4249-a329-d420620d7968|17944","9af43684-6c7b-4249-a329-d420620d7968|10074","fptm|17944","fptm|10074","9af43684-6c7b-4249-a329-d420620d7968|10074","9af43684-6c7b-4249-a329-d420620d7968|17944","fptm|10074","fptm|17944","11,4,10","13-11,11-4,12-10","9af43684-6c7b-4249-a329-d420620d7968|division-3","Division 3","a7b00c3b-38aa-4bd0-bd0f-dc0034c295d7","Llave Principal","Grell Collazo, Peter","Perez Toro, Angel","Angel Perez Toro / Candido Ofarril Correa","Los Noris","1"
"a7b00c3b-38aa-4bd0-bd0f-dc0034c295d7|0-5#2","","2026-09-19","04:30 pm","Round of 16 #6","singles","9af43684-6c7b-4249-a329-d420620d7968|71348","9af43684-6c7b-4249-a329-d420620d7968|19305","fptm|71348","fptm|19305","9af43684-6c7b-4249-a329-d420620d7968|71348","9af43684-6c7b-4249-a329-d420620d7968|19305","fptm|71348","fptm|19305","5,9,8","11-5,11-9,11-8","9af43684-6c7b-4249-a329-d420620d7968|division-3","Division 3","a7b00c3b-38aa-4bd0-bd0f-dc0034c295d7","Llave Principal","Ofarril Correa, Candido","Cosme Ortiz, Eber","Angel Perez Toro / Candido Ofarril Correa","Los Noris","2"
"a7b00c3b-38aa-4bd0-bd0f-dc0034c295d7|0-5#4","","2026-09-19","04:30 pm","Round of 16 #6","singles","9af43684-6c7b-4249-a329-d420620d7968|71348","9af43684-6c7b-4249-a329-d420620d7968|10074","fptm|71348","fptm|10074","9af43684-6c7b-4249-a329-d420620d7968|10074","9af43684-6c7b-4249-a329-d420620d7968|71348","fptm|10074","fptm|71348","9,-9,3,14","11-9,9-11,11-3,16-14","9af43684-6c7b-4249-a329-d420620d7968|division-3","Division 3","a7b00c3b-38aa-4bd0-bd0f-dc0034c295d7","Llave Principal","Grell Collazo, Peter","Ofarril Correa, Candido","Angel Perez Toro / Candido Ofarril Correa","Los Noris","4"
"a7b00c3b-38aa-4bd0-bd0f-dc0034c295d7|0-4#1","","2026-09-19","04:30 pm","Round of 16 #5","singles","9af43684-6c7b-4249-a329-d420620d7968|74042","9af43684-6c7b-4249-a329-d420620d7968|38016","fptm|74042","fptm|38016","9af43684-6c7b-4249-a329-d420620d7968|74042","9af43684-6c7b-4249-a329-d420620d7968|38016","fptm|74042","fptm|38016","-10,-5,10,9,9","10-12,5-11,12-10,11-9,11-9","9af43684-6c7b-4249-a329-d420620d7968|division-3","Division 3","a7b00c3b-38aa-4bd0-bd0f-dc0034c295d7","Llave Principal","Medina Diaz, Carlos","Rosado Rodriguez, Karellys","R2D2 y C3PO","Dora y Botas","1"
"a7b00c3b-38aa-4bd0-bd0f-dc0034c295d7|0-4#2","","2026-09-19","04:30 pm","Round of 16 #5","singles","9af43684-6c7b-4249-a329-d420620d7968|95180","9af43684-6c7b-4249-a329-d420620d7968|73699","fptm|95180","fptm|73699","9af43684-6c7b-4249-a329-d420620d7968|73699","9af43684-6c7b-4249-a329-d420620d7968|95180","fptm|73699","fptm|95180","10,-16,4,8","12-10,16-18,11-4,11-8","9af43684-6c7b-4249-a329-d420620d7968|division-3","Division 3","a7b00c3b-38aa-4bd0-bd0f-dc0034c295d7","Llave Principal","Mejias Puente, Francisco","Garcia Ramos, Ian","R2D2 y C3PO","Dora y Botas","2"
"a7b00c3b-38aa-4bd0-bd0f-dc0034c295d7|0-4#4","","2026-09-19","04:30 pm","Round of 16 #5","singles","9af43684-6c7b-4249-a329-d420620d7968|95180","9af43684-6c7b-4249-a329-d420620d7968|38016","fptm|95180","fptm|38016","9af43684-6c7b-4249-a329-d420620d7968|95180","9af43684-6c7b-4249-a329-d420620d7968|38016","fptm|95180","fptm|38016","9,6,9","11-9,11-6,11-9","9af43684-6c7b-4249-a329-d420620d7968|division-3","Division 3","a7b00c3b-38aa-4bd0-bd0f-dc0034c295d7","Llave Principal","Garcia Ramos, Ian","Rosado Rodriguez, Karellys","R2D2 y C3PO","Dora y Botas","4"
"a7b00c3b-38aa-4bd0-bd0f-dc0034c295d7|0-3#1","","2026-09-19","04:30 pm","Round of 16 #4","singles","9af43684-6c7b-4249-a329-d420620d7968|26828","9af43684-6c7b-4249-a329-d420620d7968|21226","fptm|26828","fptm|21226","9af43684-6c7b-4249-a329-d420620d7968|21226","9af43684-6c7b-4249-a329-d420620d7968|26828","fptm|21226","fptm|26828","6,7,10","11-6,11-7,12-10","9af43684-6c7b-4249-a329-d420620d7968|division-3","Division 3","a7b00c3b-38aa-4bd0-bd0f-dc0034c295d7","Llave Principal","Nazario Colon, Abdiel","Caban Padilla, Sebastian","Los Pimponeros","PRBSA 1","1"
"a7b00c3b-38aa-4bd0-bd0f-dc0034c295d7|0-3#2","","2026-09-19","04:30 pm","Round of 16 #4","singles","9af43684-6c7b-4249-a329-d420620d7968|27342","9af43684-6c7b-4249-a329-d420620d7968|63883","fptm|27342","fptm|63883","9af43684-6c7b-4249-a329-d420620d7968|63883","9af43684-6c7b-4249-a329-d420620d7968|27342","fptm|63883","fptm|27342","7,9,7","11-7,11-9,11-7","9af43684-6c7b-4249-a329-d420620d7968|division-3","Division 3","a7b00c3b-38aa-4bd0-bd0f-dc0034c295d7","Llave Principal","Sanchez Lozada, Jean","Rosa Lopez, Yaviel","Los Pimponeros","PRBSA 1","2"
"a7b00c3b-38aa-4bd0-bd0f-dc0034c295d7|0-2#1","","2026-09-19","04:30 pm","Round of 16 #3","singles","9af43684-6c7b-4249-a329-d420620d7968|97684","9af43684-6c7b-4249-a329-d420620d7968|30866","fptm|97684","fptm|30866","9af43684-6c7b-4249-a329-d420620d7968|30866","9af43684-6c7b-4249-a329-d420620d7968|97684","fptm|30866","fptm|97684","6,-3,8,9","11-6,3-11,11-8,11-9","9af43684-6c7b-4249-a329-d420620d7968|division-3","Division 3","a7b00c3b-38aa-4bd0-bd0f-dc0034c295d7","Llave Principal","Negron Rodriguez, Cedric","Santos Laboy, Teddy","Los Lobos del Horizonte","Los Handymen","1"
"a7b00c3b-38aa-4bd0-bd0f-dc0034c295d7|0-2#2","","2026-09-19","04:30 pm","Round of 16 #3","singles","9af43684-6c7b-4249-a329-d420620d7968|39154","9af43684-6c7b-4249-a329-d420620d7968|25014","fptm|39154","fptm|25014","9af43684-6c7b-4249-a329-d420620d7968|25014","9af43684-6c7b-4249-a329-d420620d7968|39154","fptm|25014","fptm|39154","-9,9,7,-7,11","9-11,11-9,11-7,7-11,13-11","9af43684-6c7b-4249-a329-d420620d7968|division-3","Division 3","a7b00c3b-38aa-4bd0-bd0f-dc0034c295d7","Llave Principal","Santiago Santiago, Jorhed","Cintron Vazquez, Johanier","Los Lobos del Horizonte","Los Handymen","2"
"a7b00c3b-38aa-4bd0-bd0f-dc0034c295d7|0-1#1","","2026-09-19","04:30 pm","Round of 16 #2","singles","9af43684-6c7b-4249-a329-d420620d7968|36306","9af43684-6c7b-4249-a329-d420620d7968|60432","fptm|36306","fptm|60432","9af43684-6c7b-4249-a329-d420620d7968|60432","9af43684-6c7b-4249-a329-d420620d7968|36306","fptm|60432","fptm|36306","8,6,5","11-8,11-6,11-5","9af43684-6c7b-4249-a329-d420620d7968|division-3","Division 3","a7b00c3b-38aa-4bd0-bd0f-dc0034c295d7","Llave Principal","Gomez Quiroz, Gabriel","Velazquez Vazquez, Rene","Los rompe discotek","Gabriel Gomez Quiroz / Elio Nunez Mercado","1"
"a7b00c3b-38aa-4bd0-bd0f-dc0034c295d7|0-1#2","","2026-09-19","04:30 pm","Round of 16 #2","singles","9af43684-6c7b-4249-a329-d420620d7968|75435","9af43684-6c7b-4249-a329-d420620d7968|27578","fptm|75435","fptm|27578","9af43684-6c7b-4249-a329-d420620d7968|75435","9af43684-6c7b-4249-a329-d420620d7968|27578","fptm|75435","fptm|27578","10,9,4","12-10,11-9,11-4","9af43684-6c7b-4249-a329-d420620d7968|division-3","Division 3","a7b00c3b-38aa-4bd0-bd0f-dc0034c295d7","Llave Principal","Diaz Rivera, Pedro","Nunez Mercado, Elio","Los rompe discotek","Gabriel Gomez Quiroz / Elio Nunez Mercado","2"
"a7b00c3b-38aa-4bd0-bd0f-dc0034c295d7|0-1#4","","2026-09-19","04:30 pm","Round of 16 #2","singles","9af43684-6c7b-4249-a329-d420620d7968|75435","9af43684-6c7b-4249-a329-d420620d7968|60432","fptm|75435","fptm|60432","9af43684-6c7b-4249-a329-d420620d7968|60432","9af43684-6c7b-4249-a329-d420620d7968|75435","fptm|60432","fptm|75435","9,9,7","11-9,11-9,11-7","9af43684-6c7b-4249-a329-d420620d7968|division-3","Division 3","a7b00c3b-38aa-4bd0-bd0f-dc0034c295d7","Llave Principal","Gomez Quiroz, Gabriel","Diaz Rivera, Pedro","Los rompe discotek","Gabriel Gomez Quiroz / Elio Nunez Mercado","4"
"6cff8347-d017-41e8-90ce-b00b08b8033e|4-5#1","","2026-09-19","02:30 pm","Group 5 (A vs. B)","singles","9af43684-6c7b-4249-a329-d420620d7968|44993","9af43684-6c7b-4249-a329-d420620d7968|16175","fptm|44993","fptm|16175","9af43684-6c7b-4249-a329-d420620d7968|16175","9af43684-6c7b-4249-a329-d420620d7968|44993","fptm|16175","fptm|44993","7,-8,-9,5,3","11-7,8-11,9-11,11-5,11-3","9af43684-6c7b-4249-a329-d420620d7968|division-2","Division 2","6cff8347-d017-41e8-90ce-b00b08b8033e","Fase de Grupos","Cintron Matos, April","Acevedo Velazquez, Rene","LOS KLANDEZTINOS","Cookie and Cream","1"
"6cff8347-d017-41e8-90ce-b00b08b8033e|4-5#2","","2026-09-19","02:30 pm","Group 5 (A vs. B)","singles","9af43684-6c7b-4249-a329-d420620d7968|56566","9af43684-6c7b-4249-a329-d420620d7968|39871","fptm|56566","fptm|39871","9af43684-6c7b-4249-a329-d420620d7968|56566","9af43684-6c7b-4249-a329-d420620d7968|39871","fptm|56566","fptm|39871","5,6,-10,10","11-5,11-6,10-12,12-10","9af43684-6c7b-4249-a329-d420620d7968|division-2","Division 2","6cff8347-d017-41e8-90ce-b00b08b8033e","Fase de Grupos","Falcon Cruz, George","Alvarado Santiago, Emely","LOS KLANDEZTINOS","Cookie and Cream","2"
"6cff8347-d017-41e8-90ce-b00b08b8033e|4-5#4","","2026-09-19","02:30 pm","Group 5 (A vs. B)","singles","9af43684-6c7b-4249-a329-d420620d7968|44993","9af43684-6c7b-4249-a329-d420620d7968|39871","fptm|44993","fptm|39871","9af43684-6c7b-4249-a329-d420620d7968|39871","9af43684-6c7b-4249-a329-d420620d7968|44993","fptm|39871","fptm|44993","-8,8,12,10","8-11,11-8,14-12,12-10","9af43684-6c7b-4249-a329-d420620d7968|division-2","Division 2","6cff8347-d017-41e8-90ce-b00b08b8033e","Fase de Grupos","Alvarado Santiago, Emely","Acevedo Velazquez, Rene","LOS KLANDEZTINOS","Cookie and Cream","4"
"6cff8347-d017-41e8-90ce-b00b08b8033e|4-5#5","","2026-09-19","02:30 pm","Group 5 (A vs. B)","singles","9af43684-6c7b-4249-a329-d420620d7968|56566","9af43684-6c7b-4249-a329-d420620d7968|16175","fptm|56566","fptm|16175","9af43684-6c7b-4249-a329-d420620d7968|16175","9af43684-6c7b-4249-a329-d420620d7968|56566","fptm|16175","fptm|56566","-9,9,5,6","9-11,11-9,11-5,11-6","9af43684-6c7b-4249-a329-d420620d7968|division-2","Division 2","6cff8347-d017-41e8-90ce-b00b08b8033e","Fase de Grupos","Cintron Matos, April","Falcon Cruz, George","LOS KLANDEZTINOS","Cookie and Cream","5"
"6cff8347-d017-41e8-90ce-b00b08b8033e|3-5#1","","2026-09-19","02:30 pm","Group 4 (A vs. B)","singles","9af43684-6c7b-4249-a329-d420620d7968|80284","9af43684-6c7b-4249-a329-d420620d7968|19358","fptm|80284","fptm|19358","9af43684-6c7b-4249-a329-d420620d7968|80284","9af43684-6c7b-4249-a329-d420620d7968|19358","fptm|80284","fptm|19358","5,7,-9,7","11-5,11-7,9-11,11-7","9af43684-6c7b-4249-a329-d420620d7968|division-2","Division 2","6cff8347-d017-41e8-90ce-b00b08b8033e","Fase de Grupos","Davila Gonzalez, Naim","Bonome Burgos, Aurora","Las Leyendas","Dúo Dinámico (Aurobri)","1"
"6cff8347-d017-41e8-90ce-b00b08b8033e|3-5#2","","2026-09-19","02:30 pm","Group 4 (A vs. B)","singles","9af43684-6c7b-4249-a329-d420620d7968|51245","9af43684-6c7b-4249-a329-d420620d7968|45382","fptm|51245","fptm|45382","9af43684-6c7b-4249-a329-d420620d7968|51245","9af43684-6c7b-4249-a329-d420620d7968|45382","fptm|51245","fptm|45382","8,-6,8,7","11-8,6-11,11-8,11-7","9af43684-6c7b-4249-a329-d420620d7968|division-2","Division 2","6cff8347-d017-41e8-90ce-b00b08b8033e","Fase de Grupos","Torres Ortega, Johnell","Rodriguez Marrero, Brianna","Las Leyendas","Dúo Dinámico (Aurobri)","2"
"6cff8347-d017-41e8-90ce-b00b08b8033e|2-5#1","","2026-09-19","02:30 pm","Group 3 (A vs. B)","singles","9af43684-6c7b-4249-a329-d420620d7968|51347","9af43684-6c7b-4249-a329-d420620d7968|99593","fptm|51347","fptm|99593","9af43684-6c7b-4249-a329-d420620d7968|51347","9af43684-6c7b-4249-a329-d420620d7968|99593","fptm|51347","fptm|99593","-8,-9,4,8,7","8-11,9-11,11-4,11-8,11-7","9af43684-6c7b-4249-a329-d420620d7968|division-2","Division 2","6cff8347-d017-41e8-90ce-b00b08b8033e","Fase de Grupos","Vega Rodriguez, Joseph","Lopez Nieves, Jahaziel","Súper Vega Brothers","Suzanahoria","1"
"6cff8347-d017-41e8-90ce-b00b08b8033e|2-5#2","","2026-09-19","02:30 pm","Group 3 (A vs. B)","singles","9af43684-6c7b-4249-a329-d420620d7968|32431","9af43684-6c7b-4249-a329-d420620d7968|65333","fptm|32431","fptm|65333","9af43684-6c7b-4249-a329-d420620d7968|32431","9af43684-6c7b-4249-a329-d420620d7968|65333","fptm|32431","fptm|65333","5,6,6","11-5,11-6,11-6","9af43684-6c7b-4249-a329-d420620d7968|division-2","Division 2","6cff8347-d017-41e8-90ce-b00b08b8033e","Fase de Grupos","Vega Rodriguez, Yaniel","Cortes Guerrero, Sebastian","Súper Vega Brothers","Suzanahoria","2"
"5acc1a8e-4e4f-4228-ab5f-fd847d7a3cc9|7-5#1","","2026-09-19","02:30 pm","Group 8 (A vs. B)","singles","9af43684-6c7b-4249-a329-d420620d7968|60432","9af43684-6c7b-4249-a329-d420620d7968|42493","fptm|60432","fptm|42493","9af43684-6c7b-4249-a329-d420620d7968|60432","9af43684-6c7b-4249-a329-d420620d7968|42493","fptm|60432","fptm|42493","7,6,-10,9","11-7,11-6,10-12,11-9","9af43684-6c7b-4249-a329-d420620d7968|division-3","Division 3","5acc1a8e-4e4f-4228-ab5f-fd847d7a3cc9","Fase de Grupos","Gomez Quiroz, Gabriel","Mateo De Jesus, Jeyliaris","Gabriel Gomez Quiroz / Elio Nunez Mercado","2 Raquetas, 1 Problema","1"
"5acc1a8e-4e4f-4228-ab5f-fd847d7a3cc9|7-5#2","","2026-09-19","02:30 pm","Group 8 (A vs. B)","singles","9af43684-6c7b-4249-a329-d420620d7968|27578","9af43684-6c7b-4249-a329-d420620d7968|94012","fptm|27578","fptm|94012","9af43684-6c7b-4249-a329-d420620d7968|94012","9af43684-6c7b-4249-a329-d420620d7968|27578","fptm|94012","fptm|27578","11,9,-8,5","13-11,11-9,8-11,11-5","9af43684-6c7b-4249-a329-d420620d7968|division-3","Division 3","5acc1a8e-4e4f-4228-ab5f-fd847d7a3cc9","Fase de Grupos","Perez Alvarado, Susana","Nunez Mercado, Elio","Gabriel Gomez Quiroz / Elio Nunez Mercado","2 Raquetas, 1 Problema","2"
"5acc1a8e-4e4f-4228-ab5f-fd847d7a3cc9|7-5#4","","2026-09-19","02:30 pm","Group 8 (A vs. B)","singles","9af43684-6c7b-4249-a329-d420620d7968|27578","9af43684-6c7b-4249-a329-d420620d7968|42493","fptm|27578","fptm|42493","9af43684-6c7b-4249-a329-d420620d7968|42493","9af43684-6c7b-4249-a329-d420620d7968|27578","fptm|42493","fptm|27578","10,3,3","12-10,11-3,11-3","9af43684-6c7b-4249-a329-d420620d7968|division-3","Division 3","5acc1a8e-4e4f-4228-ab5f-fd847d7a3cc9","Fase de Grupos","Mateo De Jesus, Jeyliaris","Nunez Mercado, Elio","Gabriel Gomez Quiroz / Elio Nunez Mercado","2 Raquetas, 1 Problema","4"
"5acc1a8e-4e4f-4228-ab5f-fd847d7a3cc9|7-5#5","","2026-09-19","02:30 pm","Group 8 (A vs. B)","singles","9af43684-6c7b-4249-a329-d420620d7968|60432","9af43684-6c7b-4249-a329-d420620d7968|94012","fptm|60432","fptm|94012","9af43684-6c7b-4249-a329-d420620d7968|60432","9af43684-6c7b-4249-a329-d420620d7968|94012","fptm|60432","fptm|94012","8,8,7","11-8,11-8,11-7","9af43684-6c7b-4249-a329-d420620d7968|division-3","Division 3","5acc1a8e-4e4f-4228-ab5f-fd847d7a3cc9","Fase de Grupos","Gomez Quiroz, Gabriel","Perez Alvarado, Susana","Gabriel Gomez Quiroz / Elio Nunez Mercado","2 Raquetas, 1 Problema","5"
"5acc1a8e-4e4f-4228-ab5f-fd847d7a3cc9|6-5#1","","2026-09-19","02:30 pm","Group 7 (A vs. B)","singles","9af43684-6c7b-4249-a329-d420620d7968|76542","9af43684-6c7b-4249-a329-d420620d7968|75435","fptm|76542","fptm|75435","9af43684-6c7b-4249-a329-d420620d7968|76542","9af43684-6c7b-4249-a329-d420620d7968|75435","fptm|76542","fptm|75435","12,-10,3,-9,12","14-12,10-12,11-3,9-11,14-12","9af43684-6c7b-4249-a329-d420620d7968|division-3","Division 3","5acc1a8e-4e4f-4228-ab5f-fd847d7a3cc9","Fase de Grupos","Perez Ortiz, Onix","Diaz Rivera, Pedro","Fiorella y Onix","Los rompe discotek","1"
"5acc1a8e-4e4f-4228-ab5f-fd847d7a3cc9|6-5#2","","2026-09-19","02:30 pm","Group 7 (A vs. B)","singles","9af43684-6c7b-4249-a329-d420620d7968|98259","9af43684-6c7b-4249-a329-d420620d7968|36306","fptm|98259","fptm|36306","9af43684-6c7b-4249-a329-d420620d7968|98259","9af43684-6c7b-4249-a329-d420620d7968|36306","fptm|98259","fptm|36306","9,-6,6,10","11-9,6-11,11-6,12-10","9af43684-6c7b-4249-a329-d420620d7968|division-3","Division 3","5acc1a8e-4e4f-4228-ab5f-fd847d7a3cc9","Fase de Grupos","Frye Santiago, Fiorella","Velazquez Vazquez, Rene","Fiorella y Onix","Los rompe discotek","2"
"5acc1a8e-4e4f-4228-ab5f-fd847d7a3cc9|6-5#4","","2026-09-19","02:30 pm","Group 7 (A vs. B)","singles","9af43684-6c7b-4249-a329-d420620d7968|98259","9af43684-6c7b-4249-a329-d420620d7968|75435","fptm|98259","fptm|75435","9af43684-6c7b-4249-a329-d420620d7968|75435","9af43684-6c7b-4249-a329-d420620d7968|98259","fptm|75435","fptm|98259","9,10,10","11-9,12-10,12-10","9af43684-6c7b-4249-a329-d420620d7968|division-3","Division 3","5acc1a8e-4e4f-4228-ab5f-fd847d7a3cc9","Fase de Grupos","Diaz Rivera, Pedro","Frye Santiago, Fiorella","Fiorella y Onix","Los rompe discotek","4"
"5acc1a8e-4e4f-4228-ab5f-fd847d7a3cc9|6-5#5","","2026-09-19","02:30 pm","Group 7 (A vs. B)","singles","9af43684-6c7b-4249-a329-d420620d7968|76542","9af43684-6c7b-4249-a329-d420620d7968|36306","fptm|76542","fptm|36306","9af43684-6c7b-4249-a329-d420620d7968|76542","9af43684-6c7b-4249-a329-d420620d7968|36306","fptm|76542","fptm|36306","6,4,1","11-6,11-4,11-1","9af43684-6c7b-4249-a329-d420620d7968|division-3","Division 3","5acc1a8e-4e4f-4228-ab5f-fd847d7a3cc9","Fase de Grupos","Perez Ortiz, Onix","Velazquez Vazquez, Rene","Fiorella y Onix","Los rompe discotek","5"
"5acc1a8e-4e4f-4228-ab5f-fd847d7a3cc9|5-5#1","","2026-09-19","02:30 pm","Group 6 (A vs. B)","singles","9af43684-6c7b-4249-a329-d420620d7968|25014","9af43684-6c7b-4249-a329-d420620d7968|19305","fptm|25014","fptm|19305","9af43684-6c7b-4249-a329-d420620d7968|25014","9af43684-6c7b-4249-a329-d420620d7968|19305","fptm|25014","fptm|19305","9,9,5","11-9,11-9,11-5","9af43684-6c7b-4249-a329-d420620d7968|division-3","Division 3","5acc1a8e-4e4f-4228-ab5f-fd847d7a3cc9","Fase de Grupos","Santiago Santiago, Jorhed","Cosme Ortiz, Eber","Los Handymen","Los Noris","1"
"5acc1a8e-4e4f-4228-ab5f-fd847d7a3cc9|5-5#2","","2026-09-19","02:30 pm","Group 6 (A vs. B)","singles","9af43684-6c7b-4249-a329-d420620d7968|30866","9af43684-6c7b-4249-a329-d420620d7968|10074","fptm|30866","fptm|10074","9af43684-6c7b-4249-a329-d420620d7968|10074","9af43684-6c7b-4249-a329-d420620d7968|30866","fptm|10074","fptm|30866","8,3,8","11-8,11-3,11-8","9af43684-6c7b-4249-a329-d420620d7968|division-3","Division 3","5acc1a8e-4e4f-4228-ab5f-fd847d7a3cc9","Fase de Grupos","Grell Collazo, Peter","Negron Rodriguez, Cedric","Los Handymen","Los Noris","2"
"5acc1a8e-4e4f-4228-ab5f-fd847d7a3cc9|5-5#4","","2026-09-19","02:30 pm","Group 6 (A vs. B)","singles","9af43684-6c7b-4249-a329-d420620d7968|30866","9af43684-6c7b-4249-a329-d420620d7968|19305","fptm|30866","fptm|19305","9af43684-6c7b-4249-a329-d420620d7968|30866","9af43684-6c7b-4249-a329-d420620d7968|19305","fptm|30866","fptm|19305","8,-5,5,-10,8","11-8,5-11,11-5,10-12,11-8","9af43684-6c7b-4249-a329-d420620d7968|division-3","Division 3","5acc1a8e-4e4f-4228-ab5f-fd847d7a3cc9","Fase de Grupos","Negron Rodriguez, Cedric","Cosme Ortiz, Eber","Los Handymen","Los Noris","4"
"5acc1a8e-4e4f-4228-ab5f-fd847d7a3cc9|5-5#5","","2026-09-19","02:30 pm","Group 6 (A vs. B)","singles","9af43684-6c7b-4249-a329-d420620d7968|25014","9af43684-6c7b-4249-a329-d420620d7968|10074","fptm|25014","fptm|10074","9af43684-6c7b-4249-a329-d420620d7968|10074","9af43684-6c7b-4249-a329-d420620d7968|25014","fptm|10074","fptm|25014","-11,9,4,-10,5","11-13,11-9,11-4,10-12,11-5","9af43684-6c7b-4249-a329-d420620d7968|division-3","Division 3","5acc1a8e-4e4f-4228-ab5f-fd847d7a3cc9","Fase de Grupos","Grell Collazo, Peter","Santiago Santiago, Jorhed","Los Handymen","Los Noris","5"
"6cff8347-d017-41e8-90ce-b00b08b8033e|4-4#1","","2026-09-19","02:30 pm","Group 5 (C vs. D)","singles","9af43684-6c7b-4249-a329-d420620d7968|19287","9af43684-6c7b-4249-a329-d420620d7968|88504","fptm|19287","fptm|88504","9af43684-6c7b-4249-a329-d420620d7968|19287","9af43684-6c7b-4249-a329-d420620d7968|88504","fptm|19287","fptm|88504","7,10,-10,-8,9","11-7,12-10,10-12,8-11,11-9","9af43684-6c7b-4249-a329-d420620d7968|division-2","Division 2","6cff8347-d017-41e8-90ce-b00b08b8033e","Fase de Grupos","Vega Borrero, Leilanisbet","Gonzalez Maldonado, Yadier","Los Peliculeros","Tom y Jerry","1"
"6cff8347-d017-41e8-90ce-b00b08b8033e|4-4#2","","2026-09-19","02:30 pm","Group 5 (C vs. D)","singles","9af43684-6c7b-4249-a329-d420620d7968|40021","9af43684-6c7b-4249-a329-d420620d7968|74686","fptm|40021","fptm|74686","9af43684-6c7b-4249-a329-d420620d7968|40021","9af43684-6c7b-4249-a329-d420620d7968|74686","fptm|40021","fptm|74686","7,-9,6,6","11-7,9-11,11-6,11-6","9af43684-6c7b-4249-a329-d420620d7968|division-2","Division 2","6cff8347-d017-41e8-90ce-b00b08b8033e","Fase de Grupos","Maldonado Santos, Steven","Castro Perez, Isabella","Los Peliculeros","Tom y Jerry","2"
"6cff8347-d017-41e8-90ce-b00b08b8033e|4-4#4","","2026-09-19","02:30 pm","Group 5 (C vs. D)","singles","9af43684-6c7b-4249-a329-d420620d7968|40021","9af43684-6c7b-4249-a329-d420620d7968|88504","fptm|40021","fptm|88504","9af43684-6c7b-4249-a329-d420620d7968|88504","9af43684-6c7b-4249-a329-d420620d7968|40021","fptm|88504","fptm|40021","-2,8,7,-10,5","2-11,11-8,11-7,10-12,11-5","9af43684-6c7b-4249-a329-d420620d7968|division-2","Division 2","6cff8347-d017-41e8-90ce-b00b08b8033e","Fase de Grupos","Gonzalez Maldonado, Yadier","Maldonado Santos, Steven","Los Peliculeros","Tom y Jerry","4"
"6cff8347-d017-41e8-90ce-b00b08b8033e|4-4#5","","2026-09-19","02:30 pm","Group 5 (C vs. D)","singles","9af43684-6c7b-4249-a329-d420620d7968|19287","9af43684-6c7b-4249-a329-d420620d7968|74686","fptm|19287","fptm|74686","9af43684-6c7b-4249-a329-d420620d7968|74686","9af43684-6c7b-4249-a329-d420620d7968|19287","fptm|74686","fptm|19287","9,9,6","11-9,11-9,11-6","9af43684-6c7b-4249-a329-d420620d7968|division-2","Division 2","6cff8347-d017-41e8-90ce-b00b08b8033e","Fase de Grupos","Castro Perez, Isabella","Vega Borrero, Leilanisbet","Los Peliculeros","Tom y Jerry","5"
"6cff8347-d017-41e8-90ce-b00b08b8033e|3-4#1","","2026-09-19","02:30 pm","Group 4 (C vs. D)","singles","9af43684-6c7b-4249-a329-d420620d7968|30730","9af43684-6c7b-4249-a329-d420620d7968|17331","fptm|30730","fptm|17331","9af43684-6c7b-4249-a329-d420620d7968|17331","9af43684-6c7b-4249-a329-d420620d7968|30730","fptm|17331","fptm|30730","10,8,15","12-10,11-8,17-15","9af43684-6c7b-4249-a329-d420620d7968|division-2","Division 2","6cff8347-d017-41e8-90ce-b00b08b8033e","Fase de Grupos","Lopez Carbo, Abel","Cintron Matos, Oscar","Smash Bros PR","Net Killers","1"
"6cff8347-d017-41e8-90ce-b00b08b8033e|3-4#2","","2026-09-19","02:30 pm","Group 4 (C vs. D)","singles","9af43684-6c7b-4249-a329-d420620d7968|58520","9af43684-6c7b-4249-a329-d420620d7968|69470","fptm|58520","fptm|69470","9af43684-6c7b-4249-a329-d420620d7968|58520","9af43684-6c7b-4249-a329-d420620d7968|69470","fptm|58520","fptm|69470","7,3,13","11-7,11-3,15-13","9af43684-6c7b-4249-a329-d420620d7968|division-2","Division 2","6cff8347-d017-41e8-90ce-b00b08b8033e","Fase de Grupos","Matos Ortiz, Pedro","Vazquez Rivas, Edniell","Smash Bros PR","Net Killers","2"
"6cff8347-d017-41e8-90ce-b00b08b8033e|3-4#4","","2026-09-19","02:30 pm","Group 4 (C vs. D)","singles","9af43684-6c7b-4249-a329-d420620d7968|58520","9af43684-6c7b-4249-a329-d420620d7968|17331","fptm|58520","fptm|17331","9af43684-6c7b-4249-a329-d420620d7968|17331","9af43684-6c7b-4249-a329-d420620d7968|58520","fptm|17331","fptm|58520","3,15,9","11-3,17-15,11-9","9af43684-6c7b-4249-a329-d420620d7968|division-2","Division 2","6cff8347-d017-41e8-90ce-b00b08b8033e","Fase de Grupos","Lopez Carbo, Abel","Matos Ortiz, Pedro","Smash Bros PR","Net Killers","4"
"6cff8347-d017-41e8-90ce-b00b08b8033e|2-4#1","","2026-09-19","02:30 pm","Group 3 (C vs. D)","singles","9af43684-6c7b-4249-a329-d420620d7968|99166","9af43684-6c7b-4249-a329-d420620d7968|86622","fptm|99166","fptm|86622","9af43684-6c7b-4249-a329-d420620d7968|99166","9af43684-6c7b-4249-a329-d420620d7968|86622","fptm|99166","fptm|86622","-7,8,7,6","7-11,11-8,11-7,11-6","9af43684-6c7b-4249-a329-d420620d7968|division-2","Division 2","6cff8347-d017-41e8-90ce-b00b08b8033e","Fase de Grupos","Gonzalez Maldonado, Yeniel","Velazquez Nieves, Ian","LOS OLÍMPICOS DE TEMU","Spin y Puntos","1"
"6cff8347-d017-41e8-90ce-b00b08b8033e|2-4#2","","2026-09-19","02:30 pm","Group 3 (C vs. D)","singles","9af43684-6c7b-4249-a329-d420620d7968|91959","9af43684-6c7b-4249-a329-d420620d7968|87128","fptm|91959","fptm|87128","9af43684-6c7b-4249-a329-d420620d7968|91959","9af43684-6c7b-4249-a329-d420620d7968|87128","fptm|91959","fptm|87128","9,10,7","11-9,12-10,11-7","9af43684-6c7b-4249-a329-d420620d7968|division-2","Division 2","6cff8347-d017-41e8-90ce-b00b08b8033e","Fase de Grupos","Vega Rodriguez, Jednniel","Diaz Nunez, Sofia","LOS OLÍMPICOS DE TEMU","Spin y Puntos","2"
"6cff8347-d017-41e8-90ce-b00b08b8033e|2-4#4","","2026-09-19","02:30 pm","Group 3 (C vs. D)","singles","9af43684-6c7b-4249-a329-d420620d7968|91959","9af43684-6c7b-4249-a329-d420620d7968|86622","fptm|91959","fptm|86622","9af43684-6c7b-4249-a329-d420620d7968|86622","9af43684-6c7b-4249-a329-d420620d7968|91959","fptm|86622","fptm|91959","-8,-9,5,7,13","8-11,9-11,11-5,11-7,15-13","9af43684-6c7b-4249-a329-d420620d7968|division-2","Division 2","6cff8347-d017-41e8-90ce-b00b08b8033e","Fase de Grupos","Velazquez Nieves, Ian","Vega Rodriguez, Jednniel","LOS OLÍMPICOS DE TEMU","Spin y Puntos","4"
"6cff8347-d017-41e8-90ce-b00b08b8033e|2-4#5","","2026-09-19","02:30 pm","Group 3 (C vs. D)","singles","9af43684-6c7b-4249-a329-d420620d7968|99166","9af43684-6c7b-4249-a329-d420620d7968|87128","fptm|99166","fptm|87128","9af43684-6c7b-4249-a329-d420620d7968|99166","9af43684-6c7b-4249-a329-d420620d7968|87128","fptm|99166","fptm|87128","9,5,11","11-9,11-5,13-11","9af43684-6c7b-4249-a329-d420620d7968|division-2","Division 2","6cff8347-d017-41e8-90ce-b00b08b8033e","Fase de Grupos","Gonzalez Maldonado, Yeniel","Diaz Nunez, Sofia","LOS OLÍMPICOS DE TEMU","Spin y Puntos","5"
"5acc1a8e-4e4f-4228-ab5f-fd847d7a3cc9|6-4#1","","2026-09-19","02:30 pm","Group 7 (C vs. D)","singles","9af43684-6c7b-4249-a329-d420620d7968|34914","9af43684-6c7b-4249-a329-d420620d7968|63964","fptm|34914","fptm|63964","9af43684-6c7b-4249-a329-d420620d7968|34914","9af43684-6c7b-4249-a329-d420620d7968|63964","fptm|34914","fptm|63964","8,7,-10,8","11-8,11-7,10-12,11-8","9af43684-6c7b-4249-a329-d420620d7968|division-3","Division 3","5acc1a8e-4e4f-4228-ab5f-fd847d7a3cc9","Fase de Grupos","Maymi Pietri, Adrian","Ortiz Fargas, Kamila","Peso Ligero","Yeidymar Morales Silva / Kamila Ortiz Fargas","1"
"5acc1a8e-4e4f-4228-ab5f-fd847d7a3cc9|6-4#2","","2026-09-19","02:30 pm","Group 7 (C vs. D)","singles","9af43684-6c7b-4249-a329-d420620d7968|56438","9af43684-6c7b-4249-a329-d420620d7968|32810","fptm|56438","fptm|32810","9af43684-6c7b-4249-a329-d420620d7968|56438","9af43684-6c7b-4249-a329-d420620d7968|32810","fptm|56438","fptm|32810","2,7,1","11-2,11-7,11-1","9af43684-6c7b-4249-a329-d420620d7968|division-3","Division 3","5acc1a8e-4e4f-4228-ab5f-fd847d7a3cc9","Fase de Grupos","Nazario Colon, Carla","Morales Silva, Yeidymar","Peso Ligero","Yeidymar Morales Silva / Kamila Ortiz Fargas","2"
"5acc1a8e-4e4f-4228-ab5f-fd847d7a3cc9|6-4#4","","2026-09-19","02:30 pm","Group 7 (C vs. D)","singles","9af43684-6c7b-4249-a329-d420620d7968|56438","9af43684-6c7b-4249-a329-d420620d7968|63964","fptm|56438","fptm|63964","9af43684-6c7b-4249-a329-d420620d7968|56438","9af43684-6c7b-4249-a329-d420620d7968|63964","fptm|56438","fptm|63964","6,10,4","11-6,12-10,11-4","9af43684-6c7b-4249-a329-d420620d7968|division-3","Division 3","5acc1a8e-4e4f-4228-ab5f-fd847d7a3cc9","Fase de Grupos","Nazario Colon, Carla","Ortiz Fargas, Kamila","Peso Ligero","Yeidymar Morales Silva / Kamila Ortiz Fargas","4"
"6cff8347-d017-41e8-90ce-b00b08b8033e|1-5#1","","2026-09-19","01:00 pm","Group 2 (A vs. B)","singles","9af43684-6c7b-4249-a329-d420620d7968|92240","9af43684-6c7b-4249-a329-d420620d7968|57447","fptm|92240","fptm|57447","9af43684-6c7b-4249-a329-d420620d7968|92240","9af43684-6c7b-4249-a329-d420620d7968|57447","fptm|92240","fptm|57447","5,8,3","11-5,11-8,11-3","9af43684-6c7b-4249-a329-d420620d7968|division-2","Division 2","6cff8347-d017-41e8-90ce-b00b08b8033e","Fase de Grupos","Hernandez Torres, Elier","Marrero Negron, Christian","Los hijos de ECEDAO","la combi platina","1"
"6cff8347-d017-41e8-90ce-b00b08b8033e|1-5#2","","2026-09-19","01:00 pm","Group 2 (A vs. B)","singles","9af43684-6c7b-4249-a329-d420620d7968|84341","9af43684-6c7b-4249-a329-d420620d7968|95909","fptm|84341","fptm|95909","9af43684-6c7b-4249-a329-d420620d7968|84341","9af43684-6c7b-4249-a329-d420620d7968|95909","fptm|84341","fptm|95909","5,-9,-7,5,8","11-5,9-11,7-11,11-5,11-8","9af43684-6c7b-4249-a329-d420620d7968|division-2","Division 2","6cff8347-d017-41e8-90ce-b00b08b8033e","Fase de Grupos","Aponte Rivera, Ariana","Cruz Alvarez, Omar","Los hijos de ECEDAO","la combi platina","2"
"6cff8347-d017-41e8-90ce-b00b08b8033e|0-5#1","","2026-09-19","01:00 pm","Group 1 (C vs. D)","singles","9af43684-6c7b-4249-a329-d420620d7968|93320","9af43684-6c7b-4249-a329-d420620d7968|80010","fptm|93320","fptm|80010","9af43684-6c7b-4249-a329-d420620d7968|93320","9af43684-6c7b-4249-a329-d420620d7968|80010","fptm|93320","fptm|80010","9,7,10","11-9,11-7,12-10","9af43684-6c7b-4249-a329-d420620d7968|division-2","Division 2","6cff8347-d017-41e8-90ce-b00b08b8033e","Fase de Grupos","Mejias Vazquez, Jesus","Cruz Rosario, Danelys","Jesus Mejias Vazquez / Jeriel Torres Rivera","Camila Cruz Rosario / Danelys Cruz Rosario","1"
"6cff8347-d017-41e8-90ce-b00b08b8033e|0-5#2","","2026-09-19","01:00 pm","Group 1 (C vs. D)","singles","9af43684-6c7b-4249-a329-d420620d7968|93227","9af43684-6c7b-4249-a329-d420620d7968|99192","fptm|93227","fptm|99192","9af43684-6c7b-4249-a329-d420620d7968|93227","9af43684-6c7b-4249-a329-d420620d7968|99192","fptm|93227","fptm|99192","8,-9,5,5","11-8,9-11,11-5,11-5","9af43684-6c7b-4249-a329-d420620d7968|division-2","Division 2","6cff8347-d017-41e8-90ce-b00b08b8033e","Fase de Grupos","Torres Rivera, Jeriel","Cruz Rosario, Camila","Jesus Mejias Vazquez / Jeriel Torres Rivera","Camila Cruz Rosario / Danelys Cruz Rosario","2"
"5acc1a8e-4e4f-4228-ab5f-fd847d7a3cc9|4-5#1","","2026-09-19","01:00 pm","Group 5 (A vs. B)","singles","9af43684-6c7b-4249-a329-d420620d7968|71348","9af43684-6c7b-4249-a329-d420620d7968|97684","fptm|71348","fptm|97684","9af43684-6c7b-4249-a329-d420620d7968|97684","9af43684-6c7b-4249-a329-d420620d7968|71348","fptm|97684","fptm|71348","-10,6,8,8","10-12,11-6,11-8,11-8","9af43684-6c7b-4249-a329-d420620d7968|division-3","Division 3","5acc1a8e-4e4f-4228-ab5f-fd847d7a3cc9","Fase de Grupos","Santos Laboy, Teddy","Ofarril Correa, Candido","Angel Perez Toro / Candido Ofarril Correa","Los Lobos del Horizonte","1"
"5acc1a8e-4e4f-4228-ab5f-fd847d7a3cc9|4-5#2","","2026-09-19","01:00 pm","Group 5 (A vs. B)","singles","9af43684-6c7b-4249-a329-d420620d7968|17944","9af43684-6c7b-4249-a329-d420620d7968|39154","fptm|17944","fptm|39154","9af43684-6c7b-4249-a329-d420620d7968|39154","9af43684-6c7b-4249-a329-d420620d7968|17944","fptm|39154","fptm|17944","-9,7,8,5","9-11,11-7,11-8,11-5","9af43684-6c7b-4249-a329-d420620d7968|division-3","Division 3","5acc1a8e-4e4f-4228-ab5f-fd847d7a3cc9","Fase de Grupos","Cintron Vazquez, Johanier","Perez Toro, Angel","Angel Perez Toro / Candido Ofarril Correa","Los Lobos del Horizonte","2"
"5acc1a8e-4e4f-4228-ab5f-fd847d7a3cc9|4-5#4","","2026-09-19","01:00 pm","Group 5 (A vs. B)","singles","9af43684-6c7b-4249-a329-d420620d7968|17944","9af43684-6c7b-4249-a329-d420620d7968|97684","fptm|17944","fptm|97684","9af43684-6c7b-4249-a329-d420620d7968|97684","9af43684-6c7b-4249-a329-d420620d7968|17944","fptm|97684","fptm|17944","-9,8,-8,6,7","9-11,11-8,8-11,11-6,11-7","9af43684-6c7b-4249-a329-d420620d7968|division-3","Division 3","5acc1a8e-4e4f-4228-ab5f-fd847d7a3cc9","Fase de Grupos","Santos Laboy, Teddy","Perez Toro, Angel","Angel Perez Toro / Candido Ofarril Correa","Los Lobos del Horizonte","4"
"5acc1a8e-4e4f-4228-ab5f-fd847d7a3cc9|3-5#1","","2026-09-19","01:00 pm","Group 4 (A vs. B)","singles","9af43684-6c7b-4249-a329-d420620d7968|38016","9af43684-6c7b-4249-a329-d420620d7968|21226","fptm|38016","fptm|21226","9af43684-6c7b-4249-a329-d420620d7968|21226","9af43684-6c7b-4249-a329-d420620d7968|38016","fptm|21226","fptm|38016","7,9,5","11-7,11-9,11-5","9af43684-6c7b-4249-a329-d420620d7968|division-3","Division 3","5acc1a8e-4e4f-4228-ab5f-fd847d7a3cc9","Fase de Grupos","Nazario Colon, Abdiel","Rosado Rodriguez, Karellys","Dora y Botas","PRBSA 1","1"
"5acc1a8e-4e4f-4228-ab5f-fd847d7a3cc9|3-5#2","","2026-09-19","01:00 pm","Group 4 (A vs. B)","singles","9af43684-6c7b-4249-a329-d420620d7968|73699","9af43684-6c7b-4249-a329-d420620d7968|63883","fptm|73699","fptm|63883","9af43684-6c7b-4249-a329-d420620d7968|73699","9af43684-6c7b-4249-a329-d420620d7968|63883","fptm|73699","fptm|63883","9,-8,10,6","11-9,8-11,12-10,11-6","9af43684-6c7b-4249-a329-d420620d7968|division-3","Division 3","5acc1a8e-4e4f-4228-ab5f-fd847d7a3cc9","Fase de Grupos","Mejias Puente, Francisco","Sanchez Lozada, Jean","Dora y Botas","PRBSA 1","2"
"5acc1a8e-4e4f-4228-ab5f-fd847d7a3cc9|3-5#4","","2026-09-19","01:00 pm","Group 4 (A vs. B)","singles","9af43684-6c7b-4249-a329-d420620d7968|73699","9af43684-6c7b-4249-a329-d420620d7968|21226","fptm|73699","fptm|21226","9af43684-6c7b-4249-a329-d420620d7968|21226","9af43684-6c7b-4249-a329-d420620d7968|73699","fptm|21226","fptm|73699","-7,8,5,5","7-11,11-8,11-5,11-5","9af43684-6c7b-4249-a329-d420620d7968|division-3","Division 3","5acc1a8e-4e4f-4228-ab5f-fd847d7a3cc9","Fase de Grupos","Nazario Colon, Abdiel","Mejias Puente, Francisco","Dora y Botas","PRBSA 1","4"
"5acc1a8e-4e4f-4228-ab5f-fd847d7a3cc9|2-5#1","","2026-09-19","01:00 pm","Group 3 (A vs. B)","singles","9af43684-6c7b-4249-a329-d420620d7968|74042","9af43684-6c7b-4249-a329-d420620d7968|26828","fptm|74042","fptm|26828","9af43684-6c7b-4249-a329-d420620d7968|26828","9af43684-6c7b-4249-a329-d420620d7968|74042","fptm|26828","fptm|74042","7,-8,11,8","11-7,8-11,13-11,11-8","9af43684-6c7b-4249-a329-d420620d7968|division-3","Division 3","5acc1a8e-4e4f-4228-ab5f-fd847d7a3cc9","Fase de Grupos","Caban Padilla, Sebastian","Medina Diaz, Carlos","R2D2 y C3PO","Los Pimponeros","1"
"5acc1a8e-4e4f-4228-ab5f-fd847d7a3cc9|2-5#2","","2026-09-19","01:00 pm","Group 3 (A vs. B)","singles","9af43684-6c7b-4249-a329-d420620d7968|95180","9af43684-6c7b-4249-a329-d420620d7968|27342","fptm|95180","fptm|27342","9af43684-6c7b-4249-a329-d420620d7968|95180","9af43684-6c7b-4249-a329-d420620d7968|27342","fptm|95180","fptm|27342","11,4,7","13-11,11-4,11-7","9af43684-6c7b-4249-a329-d420620d7968|division-3","Division 3","5acc1a8e-4e4f-4228-ab5f-fd847d7a3cc9","Fase de Grupos","Garcia Ramos, Ian","Rosa Lopez, Yaviel","R2D2 y C3PO","Los Pimponeros","2"
"5acc1a8e-4e4f-4228-ab5f-fd847d7a3cc9|2-5#4","","2026-09-19","01:00 pm","Group 3 (A vs. B)","singles","9af43684-6c7b-4249-a329-d420620d7968|95180","9af43684-6c7b-4249-a329-d420620d7968|26828","fptm|95180","fptm|26828","9af43684-6c7b-4249-a329-d420620d7968|95180","9af43684-6c7b-4249-a329-d420620d7968|26828","fptm|95180","fptm|26828","9,6,-9,-9,7","11-9,11-6,9-11,9-11,11-7","9af43684-6c7b-4249-a329-d420620d7968|division-3","Division 3","5acc1a8e-4e4f-4228-ab5f-fd847d7a3cc9","Fase de Grupos","Garcia Ramos, Ian","Caban Padilla, Sebastian","R2D2 y C3PO","Los Pimponeros","4"
"5acc1a8e-4e4f-4228-ab5f-fd847d7a3cc9|2-5#5","","2026-09-19","01:00 pm","Group 3 (A vs. B)","singles","9af43684-6c7b-4249-a329-d420620d7968|74042","9af43684-6c7b-4249-a329-d420620d7968|27342","fptm|74042","fptm|27342","9af43684-6c7b-4249-a329-d420620d7968|74042","9af43684-6c7b-4249-a329-d420620d7968|27342","fptm|74042","fptm|27342","-7,9,3,7","7-11,11-9,11-3,11-7","9af43684-6c7b-4249-a329-d420620d7968|division-3","Division 3","5acc1a8e-4e4f-4228-ab5f-fd847d7a3cc9","Fase de Grupos","Medina Diaz, Carlos","Rosa Lopez, Yaviel","R2D2 y C3PO","Los Pimponeros","5"
"5acc1a8e-4e4f-4228-ab5f-fd847d7a3cc9|1-5#1","","2026-09-19","01:00 pm","Group 2 (A vs. B)","singles","9af43684-6c7b-4249-a329-d420620d7968|66985","9af43684-6c7b-4249-a329-d420620d7968|65461","fptm|66985","fptm|65461","9af43684-6c7b-4249-a329-d420620d7968|66985","9af43684-6c7b-4249-a329-d420620d7968|65461","fptm|66985","fptm|65461","7,8,4","11-7,11-8,11-4","9af43684-6c7b-4249-a329-d420620d7968|division-3","Division 3","5acc1a8e-4e4f-4228-ab5f-fd847d7a3cc9","Fase de Grupos","Lozada Vega, Joanel","Rios Camacho, Samuel","Joanel Lozada Vega / Ivan Miranda Tirado","Puntos Largos SS","1"
"5acc1a8e-4e4f-4228-ab5f-fd847d7a3cc9|1-5#2","","2026-09-19","01:00 pm","Group 2 (A vs. B)","singles","9af43684-6c7b-4249-a329-d420620d7968|41571","9af43684-6c7b-4249-a329-d420620d7968|34957","fptm|41571","fptm|34957","9af43684-6c7b-4249-a329-d420620d7968|41571","9af43684-6c7b-4249-a329-d420620d7968|34957","fptm|41571","fptm|34957","11,-9,8,11","13-11,9-11,11-8,13-11","9af43684-6c7b-4249-a329-d420620d7968|division-3","Division 3","5acc1a8e-4e4f-4228-ab5f-fd847d7a3cc9","Fase de Grupos","Miranda Tirado, Ivan","Matos Rivera, Sol","Joanel Lozada Vega / Ivan Miranda Tirado","Puntos Largos SS","2"
"5acc1a8e-4e4f-4228-ab5f-fd847d7a3cc9|0-5#1","","2026-09-19","01:00 pm","Group 1 (A vs. B)","singles","9af43684-6c7b-4249-a329-d420620d7968|72296","9af43684-6c7b-4249-a329-d420620d7968|38080","fptm|72296","fptm|38080","9af43684-6c7b-4249-a329-d420620d7968|38080","9af43684-6c7b-4249-a329-d420620d7968|72296","fptm|38080","fptm|72296","5,-12,2,-10,9","11-5,12-14,11-2,10-12,11-9","9af43684-6c7b-4249-a329-d420620d7968|division-3","Division 3","5acc1a8e-4e4f-4228-ab5f-fd847d7a3cc9","Fase de Grupos","Ortiz Fargas, Emmanuel","Lopez Rodriguez, Carlos","Los Taki","Escuela del Deporte SJ","1"
"5acc1a8e-4e4f-4228-ab5f-fd847d7a3cc9|0-5#2","","2026-09-19","01:00 pm","Group 1 (A vs. B)","singles","9af43684-6c7b-4249-a329-d420620d7968|50857","9af43684-6c7b-4249-a329-d420620d7968|86503","fptm|50857","fptm|86503","9af43684-6c7b-4249-a329-d420620d7968|50857","9af43684-6c7b-4249-a329-d420620d7968|86503","fptm|50857","fptm|86503","12,5,5","14-12,11-5,11-5","9af43684-6c7b-4249-a329-d420620d7968|division-3","Division 3","5acc1a8e-4e4f-4228-ab5f-fd847d7a3cc9","Fase de Grupos","Cortes Guerrero, Dante","Garcia Vazquez, Liana","Los Taki","Escuela del Deporte SJ","2"
"5acc1a8e-4e4f-4228-ab5f-fd847d7a3cc9|0-5#4","","2026-09-19","01:00 pm","Group 1 (A vs. B)","singles","9af43684-6c7b-4249-a329-d420620d7968|50857","9af43684-6c7b-4249-a329-d420620d7968|38080","fptm|50857","fptm|38080","9af43684-6c7b-4249-a329-d420620d7968|50857","9af43684-6c7b-4249-a329-d420620d7968|38080","fptm|50857","fptm|38080","5,-4,4,6","11-5,4-11,11-4,11-6","9af43684-6c7b-4249-a329-d420620d7968|division-3","Division 3","5acc1a8e-4e4f-4228-ab5f-fd847d7a3cc9","Fase de Grupos","Cortes Guerrero, Dante","Ortiz Fargas, Emmanuel","Los Taki","Escuela del Deporte SJ","4"
"5acc1a8e-4e4f-4228-ab5f-fd847d7a3cc9|0-5#5","","2026-09-19","01:00 pm","Group 1 (A vs. B)","singles","9af43684-6c7b-4249-a329-d420620d7968|72296","9af43684-6c7b-4249-a329-d420620d7968|86503","fptm|72296","fptm|86503","9af43684-6c7b-4249-a329-d420620d7968|86503","9af43684-6c7b-4249-a329-d420620d7968|72296","fptm|86503","fptm|72296","9,6,7","11-9,11-6,11-7","9af43684-6c7b-4249-a329-d420620d7968|division-3","Division 3","5acc1a8e-4e4f-4228-ab5f-fd847d7a3cc9","Fase de Grupos","Garcia Vazquez, Liana","Lopez Rodriguez, Carlos","Los Taki","Escuela del Deporte SJ","5"
"6cff8347-d017-41e8-90ce-b00b08b8033e|1-4#1","","2026-09-19","01:00 pm","Group 2 (C vs. D)","singles","9af43684-6c7b-4249-a329-d420620d7968|37869","9af43684-6c7b-4249-a329-d420620d7968|18326","fptm|37869","fptm|18326","9af43684-6c7b-4249-a329-d420620d7968|18326","9af43684-6c7b-4249-a329-d420620d7968|37869","fptm|18326","fptm|37869","9,8,6","11-9,11-8,11-6","9af43684-6c7b-4249-a329-d420620d7968|division-2","Division 2","6cff8347-d017-41e8-90ce-b00b08b8033e","Fase de Grupos","Rivera Rivera, Ryan","Pietri Rivera, Diego","Los Pelus","Los nenes","1"
"6cff8347-d017-41e8-90ce-b00b08b8033e|1-4#2","","2026-09-19","01:00 pm","Group 2 (C vs. D)","singles","9af43684-6c7b-4249-a329-d420620d7968|76540","9af43684-6c7b-4249-a329-d420620d7968|63354","fptm|76540","fptm|63354","9af43684-6c7b-4249-a329-d420620d7968|63354","9af43684-6c7b-4249-a329-d420620d7968|76540","fptm|63354","fptm|76540","9,6,-9,-7,6","11-9,11-6,9-11,7-11,11-6","9af43684-6c7b-4249-a329-d420620d7968|division-2","Division 2","6cff8347-d017-41e8-90ce-b00b08b8033e","Fase de Grupos","Perez Fernandez, Josue","Lozada Virella, Aiden","Los Pelus","Los nenes","2"
"6cff8347-d017-41e8-90ce-b00b08b8033e|0-4#1","","2026-09-19","01:00 pm","Group 1 (C vs. D)","singles","9af43684-6c7b-4249-a329-d420620d7968|42953","9af43684-6c7b-4249-a329-d420620d7968|79514","fptm|42953","fptm|79514","9af43684-6c7b-4249-a329-d420620d7968|79514","9af43684-6c7b-4249-a329-d420620d7968|42953","fptm|79514","fptm|42953","-3,3,-10,10,11","3-11,11-3,10-12,12-10,13-11","9af43684-6c7b-4249-a329-d420620d7968|division-2","Division 2","6cff8347-d017-41e8-90ce-b00b08b8033e","Fase de Grupos","Ortiz Amaro, Fabian","Rosario Fersola, Salvador","Doble impacto","Peter y Pollo","1"
"6cff8347-d017-41e8-90ce-b00b08b8033e|0-4#2","","2026-09-19","01:00 pm","Group 1 (C vs. D)","singles","9af43684-6c7b-4249-a329-d420620d7968|15695","9af43684-6c7b-4249-a329-d420620d7968|57576","fptm|15695","fptm|57576","9af43684-6c7b-4249-a329-d420620d7968|15695","9af43684-6c7b-4249-a329-d420620d7968|57576","fptm|15695","fptm|57576","-8,3,5,7","8-11,11-3,11-5,11-7","9af43684-6c7b-4249-a329-d420620d7968|division-2","Division 2","6cff8347-d017-41e8-90ce-b00b08b8033e","Fase de Grupos","Cora Rodriguez, Raymond","Ortiz Vazquez, Derick","Doble impacto","Peter y Pollo","2"
"6cff8347-d017-41e8-90ce-b00b08b8033e|0-4#4","","2026-09-19","01:00 pm","Group 1 (C vs. D)","singles","9af43684-6c7b-4249-a329-d420620d7968|15695","9af43684-6c7b-4249-a329-d420620d7968|79514","fptm|15695","fptm|79514","9af43684-6c7b-4249-a329-d420620d7968|15695","9af43684-6c7b-4249-a329-d420620d7968|79514","fptm|15695","fptm|79514","7,8,11","11-7,11-8,13-11","9af43684-6c7b-4249-a329-d420620d7968|division-2","Division 2","6cff8347-d017-41e8-90ce-b00b08b8033e","Fase de Grupos","Cora Rodriguez, Raymond","Ortiz Amaro, Fabian","Doble impacto","Peter y Pollo","4"
"5acc1a8e-4e4f-4228-ab5f-fd847d7a3cc9|4-4#1","","2026-09-19","01:00 pm","Group 5 (C vs. D)","singles","9af43684-6c7b-4249-a329-d420620d7968|70637","9af43684-6c7b-4249-a329-d420620d7968|22657","fptm|70637","fptm|22657","9af43684-6c7b-4249-a329-d420620d7968|22657","9af43684-6c7b-4249-a329-d420620d7968|70637","fptm|22657","fptm|70637","6,9,-9,5","11-6,11-9,9-11,11-5","9af43684-6c7b-4249-a329-d420620d7968|division-3","Division 3","5acc1a8e-4e4f-4228-ab5f-fd847d7a3cc9","Fase de Grupos","Sierra Delgado, Nahiara Danae","Rivera Candelario, Ana","Pequeñas Gigantes","Gold Girls","1"
"5acc1a8e-4e4f-4228-ab5f-fd847d7a3cc9|4-4#2","","2026-09-19","01:00 pm","Group 5 (C vs. D)","singles","9af43684-6c7b-4249-a329-d420620d7968|22224","9af43684-6c7b-4249-a329-d420620d7968|93074","fptm|22224","fptm|93074","9af43684-6c7b-4249-a329-d420620d7968|93074","9af43684-6c7b-4249-a329-d420620d7968|22224","fptm|93074","fptm|22224","-8,7,2,7","8-11,11-7,11-2,11-7","9af43684-6c7b-4249-a329-d420620d7968|division-3","Division 3","5acc1a8e-4e4f-4228-ab5f-fd847d7a3cc9","Fase de Grupos","Negron Rosario, Genesis","Vazquez Morales, Catalina","Pequeñas Gigantes","Gold Girls","2"
"5acc1a8e-4e4f-4228-ab5f-fd847d7a3cc9|3-4#1","","2026-09-19","01:00 pm","Group 4 (C vs. D)","singles","9af43684-6c7b-4249-a329-d420620d7968|77391","9af43684-6c7b-4249-a329-d420620d7968|67087","fptm|77391","fptm|67087","9af43684-6c7b-4249-a329-d420620d7968|67087","9af43684-6c7b-4249-a329-d420620d7968|77391","fptm|67087","fptm|77391","2,-2,6,-3,9","11-2,2-11,11-6,3-11,11-9","9af43684-6c7b-4249-a329-d420620d7968|division-3","Division 3","5acc1a8e-4e4f-4228-ab5f-fd847d7a3cc9","Fase de Grupos","Martinez Gonzalez, Sebastian Yael","Perez Collazo, Matteo","Los baby’s","Los Bravos de Cridra","1"
"5acc1a8e-4e4f-4228-ab5f-fd847d7a3cc9|3-4#2","","2026-09-19","01:00 pm","Group 4 (C vs. D)","singles","9af43684-6c7b-4249-a329-d420620d7968|56025","9af43684-6c7b-4249-a329-d420620d7968|76576","fptm|56025","fptm|76576","9af43684-6c7b-4249-a329-d420620d7968|76576","9af43684-6c7b-4249-a329-d420620d7968|56025","fptm|76576","fptm|56025","7,6,-9,8","11-7,11-6,9-11,11-8","9af43684-6c7b-4249-a329-d420620d7968|division-3","Division 3","5acc1a8e-4e4f-4228-ab5f-fd847d7a3cc9","Fase de Grupos","Torres Santiago, Emil Jeriel","Torres Montero, Hector","Los baby’s","Los Bravos de Cridra","2"
"5acc1a8e-4e4f-4228-ab5f-fd847d7a3cc9|3-4#4","","2026-09-19","01:00 pm","Group 4 (C vs. D)","singles","9af43684-6c7b-4249-a329-d420620d7968|77391","9af43684-6c7b-4249-a329-d420620d7968|76576","fptm|77391","fptm|76576","9af43684-6c7b-4249-a329-d420620d7968|77391","9af43684-6c7b-4249-a329-d420620d7968|76576","fptm|77391","fptm|76576","8,7,9","11-8,11-7,11-9","9af43684-6c7b-4249-a329-d420620d7968|division-3","Division 3","5acc1a8e-4e4f-4228-ab5f-fd847d7a3cc9","Fase de Grupos","Perez Collazo, Matteo","Torres Santiago, Emil Jeriel","Los baby’s","Los Bravos de Cridra","4"
"5acc1a8e-4e4f-4228-ab5f-fd847d7a3cc9|3-4#5","","2026-09-19","01:00 pm","Group 4 (C vs. D)","singles","9af43684-6c7b-4249-a329-d420620d7968|56025","9af43684-6c7b-4249-a329-d420620d7968|67087","fptm|56025","fptm|67087","9af43684-6c7b-4249-a329-d420620d7968|56025","9af43684-6c7b-4249-a329-d420620d7968|67087","fptm|56025","fptm|67087","5,5,7","11-5,11-5,11-7","9af43684-6c7b-4249-a329-d420620d7968|division-3","Division 3","5acc1a8e-4e4f-4228-ab5f-fd847d7a3cc9","Fase de Grupos","Torres Montero, Hector","Martinez Gonzalez, Sebastian Yael","Los baby’s","Los Bravos de Cridra","5"
"5acc1a8e-4e4f-4228-ab5f-fd847d7a3cc9|2-4#1","","2026-09-19","01:00 pm","Group 3 (C vs. D)","singles","9af43684-6c7b-4249-a329-d420620d7968|36158","9af43684-6c7b-4249-a329-d420620d7968|48940","fptm|36158","fptm|48940","9af43684-6c7b-4249-a329-d420620d7968|36158","9af43684-6c7b-4249-a329-d420620d7968|48940","fptm|36158","fptm|48940","8,8,-8,4","11-8,11-8,8-11,11-4","9af43684-6c7b-4249-a329-d420620d7968|division-3","Division 3","5acc1a8e-4e4f-4228-ab5f-fd847d7a3cc9","Fase de Grupos","Rodriguez Laboy, Santos","Trinidad Vazquez, Ketwin","Ping y Pong 🏓","Los Caballitos","1"
"5acc1a8e-4e4f-4228-ab5f-fd847d7a3cc9|2-4#2","","2026-09-19","01:00 pm","Group 3 (C vs. D)","singles","9af43684-6c7b-4249-a329-d420620d7968|13248","9af43684-6c7b-4249-a329-d420620d7968|69735","fptm|13248","fptm|69735","9af43684-6c7b-4249-a329-d420620d7968|13248","9af43684-6c7b-4249-a329-d420620d7968|69735","fptm|13248","fptm|69735","8,2,7","11-8,11-2,11-7","9af43684-6c7b-4249-a329-d420620d7968|division-3","Division 3","5acc1a8e-4e4f-4228-ab5f-fd847d7a3cc9","Fase de Grupos","Roldan Richards, Adrian","Ramos Dipiní, Dereck","Ping y Pong 🏓","Los Caballitos","2"
"6cff8347-d017-41e8-90ce-b00b08b8033e|4-3#1","","2026-09-19","01:00 pm","Group 5 (B vs. C)","singles","9af43684-6c7b-4249-a329-d420620d7968|16175","9af43684-6c7b-4249-a329-d420620d7968|19287","fptm|16175","fptm|19287","9af43684-6c7b-4249-a329-d420620d7968|16175","9af43684-6c7b-4249-a329-d420620d7968|19287","fptm|16175","fptm|19287","-1,9,8,6","1-11,11-9,11-8,11-6","9af43684-6c7b-4249-a329-d420620d7968|division-2","Division 2","6cff8347-d017-41e8-90ce-b00b08b8033e","Fase de Grupos","Cintron Matos, April","Vega Borrero, Leilanisbet","Cookie and Cream","Los Peliculeros","1"
"6cff8347-d017-41e8-90ce-b00b08b8033e|4-3#2","","2026-09-19","01:00 pm","Group 5 (B vs. C)","singles","9af43684-6c7b-4249-a329-d420620d7968|39871","9af43684-6c7b-4249-a329-d420620d7968|40021","fptm|39871","fptm|40021","9af43684-6c7b-4249-a329-d420620d7968|40021","9af43684-6c7b-4249-a329-d420620d7968|39871","fptm|40021","fptm|39871","8,7,-9,4","11-8,11-7,9-11,11-4","9af43684-6c7b-4249-a329-d420620d7968|division-2","Division 2","6cff8347-d017-41e8-90ce-b00b08b8033e","Fase de Grupos","Maldonado Santos, Steven","Alvarado Santiago, Emely","Cookie and Cream","Los Peliculeros","2"
"6cff8347-d017-41e8-90ce-b00b08b8033e|4-3#4","","2026-09-19","01:00 pm","Group 5 (B vs. C)","singles","9af43684-6c7b-4249-a329-d420620d7968|16175","9af43684-6c7b-4249-a329-d420620d7968|40021","fptm|16175","fptm|40021","9af43684-6c7b-4249-a329-d420620d7968|40021","9af43684-6c7b-4249-a329-d420620d7968|16175","fptm|40021","fptm|16175","10,7,-6,-5,8","12-10,11-7,6-11,5-11,11-8","9af43684-6c7b-4249-a329-d420620d7968|division-2","Division 2","6cff8347-d017-41e8-90ce-b00b08b8033e","Fase de Grupos","Maldonado Santos, Steven","Cintron Matos, April","Cookie and Cream","Los Peliculeros","4"
"6cff8347-d017-41e8-90ce-b00b08b8033e|3-3#1","","2026-09-19","01:00 pm","Group 4 (B vs. C)","singles","9af43684-6c7b-4249-a329-d420620d7968|45382","9af43684-6c7b-4249-a329-d420620d7968|30730","fptm|45382","fptm|30730","9af43684-6c7b-4249-a329-d420620d7968|45382","9af43684-6c7b-4249-a329-d420620d7968|30730","fptm|45382","fptm|30730","8,-9,4,7","11-8,9-11,11-4,11-7","9af43684-6c7b-4249-a329-d420620d7968|division-2","Division 2","6cff8347-d017-41e8-90ce-b00b08b8033e","Fase de Grupos","Rodriguez Marrero, Brianna","Cintron Matos, Oscar","Dúo Dinámico (Aurobri)","Smash Bros PR","1"
"6cff8347-d017-41e8-90ce-b00b08b8033e|3-3#2","","2026-09-19","01:00 pm","Group 4 (B vs. C)","singles","9af43684-6c7b-4249-a329-d420620d7968|19358","9af43684-6c7b-4249-a329-d420620d7968|58520","fptm|19358","fptm|58520","9af43684-6c7b-4249-a329-d420620d7968|19358","9af43684-6c7b-4249-a329-d420620d7968|58520","fptm|19358","fptm|58520","9,10,5","11-9,12-10,11-5","9af43684-6c7b-4249-a329-d420620d7968|division-2","Division 2","6cff8347-d017-41e8-90ce-b00b08b8033e","Fase de Grupos","Bonome Burgos, Aurora","Matos Ortiz, Pedro","Dúo Dinámico (Aurobri)","Smash Bros PR","2"
"5acc1a8e-4e4f-4228-ab5f-fd847d7a3cc9|6-3#1","","2026-09-19","01:00 pm","Group 7 (B vs. C)","singles","9af43684-6c7b-4249-a329-d420620d7968|75435","9af43684-6c7b-4249-a329-d420620d7968|34914","fptm|75435","fptm|34914","9af43684-6c7b-4249-a329-d420620d7968|75435","9af43684-6c7b-4249-a329-d420620d7968|34914","fptm|75435","fptm|34914","7,6,5","11-7,11-6,11-5","9af43684-6c7b-4249-a329-d420620d7968|division-3","Division 3","5acc1a8e-4e4f-4228-ab5f-fd847d7a3cc9","Fase de Grupos","Diaz Rivera, Pedro","Maymi Pietri, Adrian","Los rompe discotek","Peso Ligero","1"
"5acc1a8e-4e4f-4228-ab5f-fd847d7a3cc9|6-3#2","","2026-09-19","01:00 pm","Group 7 (B vs. C)","singles","9af43684-6c7b-4249-a329-d420620d7968|36306","9af43684-6c7b-4249-a329-d420620d7968|56438","fptm|36306","fptm|56438","9af43684-6c7b-4249-a329-d420620d7968|56438","9af43684-6c7b-4249-a329-d420620d7968|36306","fptm|56438","fptm|36306","-8,4,3,11","8-11,11-4,11-3,13-11","9af43684-6c7b-4249-a329-d420620d7968|division-3","Division 3","5acc1a8e-4e4f-4228-ab5f-fd847d7a3cc9","Fase de Grupos","Nazario Colon, Carla","Velazquez Vazquez, Rene","Los rompe discotek","Peso Ligero","2"
"5acc1a8e-4e4f-4228-ab5f-fd847d7a3cc9|6-3#4","","2026-09-19","01:00 pm","Group 7 (B vs. C)","singles","9af43684-6c7b-4249-a329-d420620d7968|75435","9af43684-6c7b-4249-a329-d420620d7968|56438","fptm|75435","fptm|56438","9af43684-6c7b-4249-a329-d420620d7968|75435","9af43684-6c7b-4249-a329-d420620d7968|56438","fptm|75435","fptm|56438","7,-10,4,6","11-7,10-12,11-4,11-6","9af43684-6c7b-4249-a329-d420620d7968|division-3","Division 3","5acc1a8e-4e4f-4228-ab5f-fd847d7a3cc9","Fase de Grupos","Diaz Rivera, Pedro","Nazario Colon, Carla","Los rompe discotek","Peso Ligero","4"
"6cff8347-d017-41e8-90ce-b00b08b8033e|4-2#1","","2026-09-19","01:00 pm","Group 5 (A vs. D)","singles","9af43684-6c7b-4249-a329-d420620d7968|44993","9af43684-6c7b-4249-a329-d420620d7968|74686","fptm|44993","fptm|74686","9af43684-6c7b-4249-a329-d420620d7968|74686","9af43684-6c7b-4249-a329-d420620d7968|44993","fptm|74686","fptm|44993","8,8,8","11-8,11-8,11-8","9af43684-6c7b-4249-a329-d420620d7968|division-2","Division 2","6cff8347-d017-41e8-90ce-b00b08b8033e","Fase de Grupos","Castro Perez, Isabella","Acevedo Velazquez, Rene","LOS KLANDEZTINOS","Tom y Jerry","1"
"6cff8347-d017-41e8-90ce-b00b08b8033e|4-2#2","","2026-09-19","01:00 pm","Group 5 (A vs. D)","singles","9af43684-6c7b-4249-a329-d420620d7968|56566","9af43684-6c7b-4249-a329-d420620d7968|88504","fptm|56566","fptm|88504","9af43684-6c7b-4249-a329-d420620d7968|56566","9af43684-6c7b-4249-a329-d420620d7968|88504","fptm|56566","fptm|88504","8,-9,3,6","11-8,9-11,11-3,11-6","9af43684-6c7b-4249-a329-d420620d7968|division-2","Division 2","6cff8347-d017-41e8-90ce-b00b08b8033e","Fase de Grupos","Falcon Cruz, George","Gonzalez Maldonado, Yadier","LOS KLANDEZTINOS","Tom y Jerry","2"
"6cff8347-d017-41e8-90ce-b00b08b8033e|4-2#4","","2026-09-19","01:00 pm","Group 5 (A vs. D)","singles","9af43684-6c7b-4249-a329-d420620d7968|56566","9af43684-6c7b-4249-a329-d420620d7968|74686","fptm|56566","fptm|74686","9af43684-6c7b-4249-a329-d420620d7968|56566","9af43684-6c7b-4249-a329-d420620d7968|74686","fptm|56566","fptm|74686","7,-7,2,-5,9","11-7,7-11,11-2,5-11,11-9","9af43684-6c7b-4249-a329-d420620d7968|division-2","Division 2","6cff8347-d017-41e8-90ce-b00b08b8033e","Fase de Grupos","Falcon Cruz, George","Castro Perez, Isabella","LOS KLANDEZTINOS","Tom y Jerry","4"
"6cff8347-d017-41e8-90ce-b00b08b8033e|3-2#1","","2026-09-19","01:00 pm","Group 4 (A vs. D)","singles","9af43684-6c7b-4249-a329-d420620d7968|80284","9af43684-6c7b-4249-a329-d420620d7968|17331","fptm|80284","fptm|17331","9af43684-6c7b-4249-a329-d420620d7968|80284","9af43684-6c7b-4249-a329-d420620d7968|17331","fptm|80284","fptm|17331","9,-9,-12,2,3","11-9,9-11,12-14,11-2,11-3","9af43684-6c7b-4249-a329-d420620d7968|division-2","Division 2","6cff8347-d017-41e8-90ce-b00b08b8033e","Fase de Grupos","Davila Gonzalez, Naim","Lopez Carbo, Abel","Las Leyendas","Net Killers","1"
"6cff8347-d017-41e8-90ce-b00b08b8033e|3-2#2","","2026-09-19","01:00 pm","Group 4 (A vs. D)","singles","9af43684-6c7b-4249-a329-d420620d7968|51245","9af43684-6c7b-4249-a329-d420620d7968|69470","fptm|51245","fptm|69470","9af43684-6c7b-4249-a329-d420620d7968|51245","9af43684-6c7b-4249-a329-d420620d7968|69470","fptm|51245","fptm|69470","5,9,-9,6","11-5,11-9,9-11,11-6","9af43684-6c7b-4249-a329-d420620d7968|division-2","Division 2","6cff8347-d017-41e8-90ce-b00b08b8033e","Fase de Grupos","Torres Ortega, Johnell","Vazquez Rivas, Edniell","Las Leyendas","Net Killers","2"
"5acc1a8e-4e4f-4228-ab5f-fd847d7a3cc9|6-2#1","","2026-09-19","01:00 pm","Group 7 (A vs. D)","singles","9af43684-6c7b-4249-a329-d420620d7968|76542","9af43684-6c7b-4249-a329-d420620d7968|32810","fptm|76542","fptm|32810","9af43684-6c7b-4249-a329-d420620d7968|76542","9af43684-6c7b-4249-a329-d420620d7968|32810","fptm|76542","fptm|32810","5,9,7","11-5,11-9,11-7","9af43684-6c7b-4249-a329-d420620d7968|division-3","Division 3","5acc1a8e-4e4f-4228-ab5f-fd847d7a3cc9","Fase de Grupos","Perez Ortiz, Onix","Morales Silva, Yeidymar","Fiorella y Onix","Yeidymar Morales Silva / Kamila Ortiz Fargas","1"
"5acc1a8e-4e4f-4228-ab5f-fd847d7a3cc9|6-2#2","","2026-09-19","01:00 pm","Group 7 (A vs. D)","singles","9af43684-6c7b-4249-a329-d420620d7968|98259","9af43684-6c7b-4249-a329-d420620d7968|63964","fptm|98259","fptm|63964","9af43684-6c7b-4249-a329-d420620d7968|98259","9af43684-6c7b-4249-a329-d420620d7968|63964","fptm|98259","fptm|63964","-7,9,1,-8,7","7-11,11-9,11-1,8-11,11-7","9af43684-6c7b-4249-a329-d420620d7968|division-3","Division 3","5acc1a8e-4e4f-4228-ab5f-fd847d7a3cc9","Fase de Grupos","Frye Santiago, Fiorella","Ortiz Fargas, Kamila","Fiorella y Onix","Yeidymar Morales Silva / Kamila Ortiz Fargas","2"
"5acc1a8e-4e4f-4228-ab5f-fd847d7a3cc9|5-2#1","","2026-09-19","01:00 pm","Group 6 (A vs. D)","singles","9af43684-6c7b-4249-a329-d420620d7968|30866","9af43684-6c7b-4249-a329-d420620d7968|49363","fptm|30866","fptm|49363","9af43684-6c7b-4249-a329-d420620d7968|30866","9af43684-6c7b-4249-a329-d420620d7968|49363","fptm|30866","fptm|49363","4,3,6","11-4,11-3,11-6","9af43684-6c7b-4249-a329-d420620d7968|division-3","Division 3","5acc1a8e-4e4f-4228-ab5f-fd847d7a3cc9","Fase de Grupos","Negron Rodriguez, Cedric","Perez Irizarry, Arhalia","Los Handymen","Las Bravas","1"
"5acc1a8e-4e4f-4228-ab5f-fd847d7a3cc9|5-2#2","","2026-09-19","01:00 pm","Group 6 (A vs. D)","singles","9af43684-6c7b-4249-a329-d420620d7968|25014","9af43684-6c7b-4249-a329-d420620d7968|97410","fptm|25014","fptm|97410","9af43684-6c7b-4249-a329-d420620d7968|25014","9af43684-6c7b-4249-a329-d420620d7968|97410","fptm|25014","fptm|97410","0,2,2","11-0,11-2,11-2","9af43684-6c7b-4249-a329-d420620d7968|division-3","Division 3","5acc1a8e-4e4f-4228-ab5f-fd847d7a3cc9","Fase de Grupos","Santiago Santiago, Jorhed","Vazquez Morales, Valentina","Los Handymen","Las Bravas","2"
"661c2a29-9e78-4a41-9fff-92e6d1cfd876|0-2#1","","2026-09-19","11:00 am","Group 1 (A vs. D)","singles","9af43684-6c7b-4249-a329-d420620d7968|24592","9af43684-6c7b-4249-a329-d420620d7968|89840","fptm|24592","fptm|89840","9af43684-6c7b-4249-a329-d420620d7968|24592","9af43684-6c7b-4249-a329-d420620d7968|89840","fptm|24592","fptm|89840","7,4,6","11-7,11-4,11-6","9af43684-6c7b-4249-a329-d420620d7968|division-1","Division 1","661c2a29-9e78-4a41-9fff-92e6d1cfd876","Fase de Grupos","Montijo Rivera, Jerall","Rodriguez Aviles, Michael","Jerall Montijo Rivera / Oscar Birriel Rivera","Michael Rodriguez Aviles / Derek Torres Nieves","1"
"661c2a29-9e78-4a41-9fff-92e6d1cfd876|0-2#2","","2026-09-19","11:00 am","Group 1 (A vs. D)","singles","9af43684-6c7b-4249-a329-d420620d7968|21395","9af43684-6c7b-4249-a329-d420620d7968|64987","fptm|21395","fptm|64987","9af43684-6c7b-4249-a329-d420620d7968|21395","9af43684-6c7b-4249-a329-d420620d7968|64987","fptm|21395","fptm|64987","7,7,8","11-7,11-7,11-8","9af43684-6c7b-4249-a329-d420620d7968|division-1","Division 1","661c2a29-9e78-4a41-9fff-92e6d1cfd876","Fase de Grupos","Birriel Rivera, Oscar","Torres Nieves, Derek","Jerall Montijo Rivera / Oscar Birriel Rivera","Michael Rodriguez Aviles / Derek Torres Nieves","2"
"6cff8347-d017-41e8-90ce-b00b08b8033e|2-3#1","","2026-09-19","10:30 am","Group 3 (B vs. C)","singles","9af43684-6c7b-4249-a329-d420620d7968|99593","9af43684-6c7b-4249-a329-d420620d7968|99166","fptm|99593","fptm|99166","9af43684-6c7b-4249-a329-d420620d7968|99593","9af43684-6c7b-4249-a329-d420620d7968|99166","fptm|99593","fptm|99166","4,-8,9,6","11-4,8-11,11-9,11-6","9af43684-6c7b-4249-a329-d420620d7968|division-2","Division 2","6cff8347-d017-41e8-90ce-b00b08b8033e","Fase de Grupos","Lopez Nieves, Jahaziel","Gonzalez Maldonado, Yeniel","Suzanahoria","LOS OLÍMPICOS DE TEMU","1"
"6cff8347-d017-41e8-90ce-b00b08b8033e|2-3#2","","2026-09-19","10:30 am","Group 3 (B vs. C)","singles","9af43684-6c7b-4249-a329-d420620d7968|65333","9af43684-6c7b-4249-a329-d420620d7968|91959","fptm|65333","fptm|91959","9af43684-6c7b-4249-a329-d420620d7968|91959","9af43684-6c7b-4249-a329-d420620d7968|65333","fptm|91959","fptm|65333","-4,-5,5,9,10","4-11,5-11,11-5,11-9,12-10","9af43684-6c7b-4249-a329-d420620d7968|division-2","Division 2","6cff8347-d017-41e8-90ce-b00b08b8033e","Fase de Grupos","Vega Rodriguez, Jednniel","Cortes Guerrero, Sebastian","Suzanahoria","LOS OLÍMPICOS DE TEMU","2"
"6cff8347-d017-41e8-90ce-b00b08b8033e|2-3#4","","2026-09-19","10:30 am","Group 3 (B vs. C)","singles","9af43684-6c7b-4249-a329-d420620d7968|65333","9af43684-6c7b-4249-a329-d420620d7968|99166","fptm|65333","fptm|99166","9af43684-6c7b-4249-a329-d420620d7968|65333","9af43684-6c7b-4249-a329-d420620d7968|99166","fptm|65333","fptm|99166","-9,9,4,4","9-11,11-9,11-4,11-4","9af43684-6c7b-4249-a329-d420620d7968|division-2","Division 2","6cff8347-d017-41e8-90ce-b00b08b8033e","Fase de Grupos","Cortes Guerrero, Sebastian","Gonzalez Maldonado, Yeniel","Suzanahoria","LOS OLÍMPICOS DE TEMU","4"
"5acc1a8e-4e4f-4228-ab5f-fd847d7a3cc9|4-3#1","","2026-09-19","10:30 am","Group 5 (B vs. C)","singles","9af43684-6c7b-4249-a329-d420620d7968|97684","9af43684-6c7b-4249-a329-d420620d7968|70637","fptm|97684","fptm|70637","9af43684-6c7b-4249-a329-d420620d7968|97684","9af43684-6c7b-4249-a329-d420620d7968|70637","fptm|97684","fptm|70637","5,5,6","11-5,11-5,11-6","9af43684-6c7b-4249-a329-d420620d7968|division-3","Division 3","5acc1a8e-4e4f-4228-ab5f-fd847d7a3cc9","Fase de Grupos","Santos Laboy, Teddy","Rivera Candelario, Ana","Los Lobos del Horizonte","Pequeñas Gigantes","1"
"5acc1a8e-4e4f-4228-ab5f-fd847d7a3cc9|4-3#2","","2026-09-19","10:30 am","Group 5 (B vs. C)","singles","9af43684-6c7b-4249-a329-d420620d7968|39154","9af43684-6c7b-4249-a329-d420620d7968|22224","fptm|39154","fptm|22224","9af43684-6c7b-4249-a329-d420620d7968|39154","9af43684-6c7b-4249-a329-d420620d7968|22224","fptm|39154","fptm|22224","1,7,5","11-1,11-7,11-5","9af43684-6c7b-4249-a329-d420620d7968|division-3","Division 3","5acc1a8e-4e4f-4228-ab5f-fd847d7a3cc9","Fase de Grupos","Cintron Vazquez, Johanier","Vazquez Morales, Catalina","Los Lobos del Horizonte","Pequeñas Gigantes","2"
"5acc1a8e-4e4f-4228-ab5f-fd847d7a3cc9|3-3#1","","2026-09-19","10:30 am","Group 4 (A vs. D)","singles","9af43684-6c7b-4249-a329-d420620d7968|21226","9af43684-6c7b-4249-a329-d420620d7968|77391","fptm|21226","fptm|77391","9af43684-6c7b-4249-a329-d420620d7968|21226","9af43684-6c7b-4249-a329-d420620d7968|77391","fptm|21226","fptm|77391","5,7,6","11-5,11-7,11-6","9af43684-6c7b-4249-a329-d420620d7968|division-3","Division 3","5acc1a8e-4e4f-4228-ab5f-fd847d7a3cc9","Fase de Grupos","Nazario Colon, Abdiel","Perez Collazo, Matteo","PRBSA 1","Los baby’s","1"
"5acc1a8e-4e4f-4228-ab5f-fd847d7a3cc9|3-3#2","","2026-09-19","10:30 am","Group 4 (A vs. D)","singles","9af43684-6c7b-4249-a329-d420620d7968|63883","9af43684-6c7b-4249-a329-d420620d7968|56025","fptm|63883","fptm|56025","9af43684-6c7b-4249-a329-d420620d7968|63883","9af43684-6c7b-4249-a329-d420620d7968|56025","fptm|63883","fptm|56025","5,10,8","11-5,12-10,11-8","9af43684-6c7b-4249-a329-d420620d7968|division-3","Division 3","5acc1a8e-4e4f-4228-ab5f-fd847d7a3cc9","Fase de Grupos","Sanchez Lozada, Jean","Torres Montero, Hector","PRBSA 1","Los baby’s","2"
"5acc1a8e-4e4f-4228-ab5f-fd847d7a3cc9|2-3#1","","2026-09-19","10:30 am","Group 3 (B vs. C)","singles","9af43684-6c7b-4249-a329-d420620d7968|26828","9af43684-6c7b-4249-a329-d420620d7968|36158","fptm|26828","fptm|36158","9af43684-6c7b-4249-a329-d420620d7968|26828","9af43684-6c7b-4249-a329-d420620d7968|36158","fptm|26828","fptm|36158","7,6,9","11-7,11-6,11-9","9af43684-6c7b-4249-a329-d420620d7968|division-3","Division 3","5acc1a8e-4e4f-4228-ab5f-fd847d7a3cc9","Fase de Grupos","Caban Padilla, Sebastian","Rodriguez Laboy, Santos","Los Pimponeros","Ping y Pong 🏓","1"
"5acc1a8e-4e4f-4228-ab5f-fd847d7a3cc9|2-3#2","","2026-09-19","10:30 am","Group 3 (B vs. C)","singles","9af43684-6c7b-4249-a329-d420620d7968|27342","9af43684-6c7b-4249-a329-d420620d7968|13248","fptm|27342","fptm|13248","9af43684-6c7b-4249-a329-d420620d7968|27342","9af43684-6c7b-4249-a329-d420620d7968|13248","fptm|27342","fptm|13248","0,-10,4,7","11-0,10-12,11-4,11-7","9af43684-6c7b-4249-a329-d420620d7968|division-3","Division 3","5acc1a8e-4e4f-4228-ab5f-fd847d7a3cc9","Fase de Grupos","Rosa Lopez, Yaviel","Roldan Richards, Adrian","Los Pimponeros","Ping y Pong 🏓","2"
"5acc1a8e-4e4f-4228-ab5f-fd847d7a3cc9|0-3#1","","2026-09-19","10:30 am","Group 1 (B vs. C)","singles","9af43684-6c7b-4249-a329-d420620d7968|38080","9af43684-6c7b-4249-a329-d420620d7968|25860","fptm|38080","fptm|25860","9af43684-6c7b-4249-a329-d420620d7968|38080","9af43684-6c7b-4249-a329-d420620d7968|25860","fptm|38080","fptm|25860","4,7,6","11-4,11-7,11-6","9af43684-6c7b-4249-a329-d420620d7968|division-3","Division 3","5acc1a8e-4e4f-4228-ab5f-fd847d7a3cc9","Fase de Grupos","Ortiz Fargas, Emmanuel","Hernandez Torres, Jabniel","Escuela del Deporte SJ","Villalba Team??","1"
"5acc1a8e-4e4f-4228-ab5f-fd847d7a3cc9|0-3#2","","2026-09-19","10:30 am","Group 1 (B vs. C)","singles","9af43684-6c7b-4249-a329-d420620d7968|86503","9af43684-6c7b-4249-a329-d420620d7968|69929","fptm|86503","fptm|69929","9af43684-6c7b-4249-a329-d420620d7968|69929","9af43684-6c7b-4249-a329-d420620d7968|86503","fptm|69929","fptm|86503","6,-13,11,6","11-6,13-15,13-11,11-6","9af43684-6c7b-4249-a329-d420620d7968|division-3","Division 3","5acc1a8e-4e4f-4228-ab5f-fd847d7a3cc9","Fase de Grupos","Vazquez Colon, Abrihana","Garcia Vazquez, Liana","Escuela del Deporte SJ","Villalba Team??","2"
"5acc1a8e-4e4f-4228-ab5f-fd847d7a3cc9|0-3#4","","2026-09-19","10:30 am","Group 1 (B vs. C)","singles","9af43684-6c7b-4249-a329-d420620d7968|86503","9af43684-6c7b-4249-a329-d420620d7968|25860","fptm|86503","fptm|25860","9af43684-6c7b-4249-a329-d420620d7968|86503","9af43684-6c7b-4249-a329-d420620d7968|25860","fptm|86503","fptm|25860","7,7,1","11-7,11-7,11-1","9af43684-6c7b-4249-a329-d420620d7968|division-3","Division 3","5acc1a8e-4e4f-4228-ab5f-fd847d7a3cc9","Fase de Grupos","Garcia Vazquez, Liana","Hernandez Torres, Jabniel","Escuela del Deporte SJ","Villalba Team??","4"
"6cff8347-d017-41e8-90ce-b00b08b8033e|2-2#1","","2026-09-19","10:30 am","Group 3 (A vs. D)","singles","9af43684-6c7b-4249-a329-d420620d7968|51347","9af43684-6c7b-4249-a329-d420620d7968|86622","fptm|51347","fptm|86622","9af43684-6c7b-4249-a329-d420620d7968|51347","9af43684-6c7b-4249-a329-d420620d7968|86622","fptm|51347","fptm|86622","8,-10,8,-9,7","11-8,10-12,11-8,9-11,11-7","9af43684-6c7b-4249-a329-d420620d7968|division-2","Division 2","6cff8347-d017-41e8-90ce-b00b08b8033e","Fase de Grupos","Vega Rodriguez, Joseph","Velazquez Nieves, Ian","Súper Vega Brothers","Spin y Puntos","1"
"6cff8347-d017-41e8-90ce-b00b08b8033e|2-2#2","","2026-09-19","10:30 am","Group 3 (A vs. D)","singles","9af43684-6c7b-4249-a329-d420620d7968|32431","9af43684-6c7b-4249-a329-d420620d7968|87128","fptm|32431","fptm|87128","9af43684-6c7b-4249-a329-d420620d7968|32431","9af43684-6c7b-4249-a329-d420620d7968|87128","fptm|32431","fptm|87128","6,8,6","11-6,11-8,11-6","9af43684-6c7b-4249-a329-d420620d7968|division-2","Division 2","6cff8347-d017-41e8-90ce-b00b08b8033e","Fase de Grupos","Vega Rodriguez, Yaniel","Diaz Nunez, Sofia","Súper Vega Brothers","Spin y Puntos","2"
"6cff8347-d017-41e8-90ce-b00b08b8033e|1-2#1","","2026-09-19","10:30 am","Group 2 (A vs. D)","singles","9af43684-6c7b-4249-a329-d420620d7968|84341","9af43684-6c7b-4249-a329-d420620d7968|63354","fptm|84341","fptm|63354","9af43684-6c7b-4249-a329-d420620d7968|84341","9af43684-6c7b-4249-a329-d420620d7968|63354","fptm|84341","fptm|63354","8,8,-10,-7,4","11-8,11-8,10-12,7-11,11-4","9af43684-6c7b-4249-a329-d420620d7968|division-2","Division 2","6cff8347-d017-41e8-90ce-b00b08b8033e","Fase de Grupos","Aponte Rivera, Ariana","Perez Fernandez, Josue","Los hijos de ECEDAO","Los nenes","1"
"6cff8347-d017-41e8-90ce-b00b08b8033e|1-2#2","","2026-09-19","10:30 am","Group 2 (A vs. D)","singles","9af43684-6c7b-4249-a329-d420620d7968|92240","9af43684-6c7b-4249-a329-d420620d7968|18326","fptm|92240","fptm|18326","9af43684-6c7b-4249-a329-d420620d7968|92240","9af43684-6c7b-4249-a329-d420620d7968|18326","fptm|92240","fptm|18326","6,4,-10,-8,8","11-6,11-4,10-12,8-11,11-8","9af43684-6c7b-4249-a329-d420620d7968|division-2","Division 2","6cff8347-d017-41e8-90ce-b00b08b8033e","Fase de Grupos","Hernandez Torres, Elier","Rivera Rivera, Ryan","Los hijos de ECEDAO","Los nenes","2"
"6cff8347-d017-41e8-90ce-b00b08b8033e|0-2#1","","2026-09-19","10:30 am","Group 1 (A vs. D)","singles","9af43684-6c7b-4249-a329-d420620d7968|93320","9af43684-6c7b-4249-a329-d420620d7968|57576","fptm|93320","fptm|57576","9af43684-6c7b-4249-a329-d420620d7968|93320","9af43684-6c7b-4249-a329-d420620d7968|57576","fptm|93320","fptm|57576","9,6,7","11-9,11-6,11-7","9af43684-6c7b-4249-a329-d420620d7968|division-2","Division 2","6cff8347-d017-41e8-90ce-b00b08b8033e","Fase de Grupos","Mejias Vazquez, Jesus","Ortiz Vazquez, Derick","Jesus Mejias Vazquez / Jeriel Torres Rivera","Peter y Pollo","1"
"6cff8347-d017-41e8-90ce-b00b08b8033e|0-2#2","","2026-09-19","10:30 am","Group 1 (A vs. D)","singles","9af43684-6c7b-4249-a329-d420620d7968|93227","9af43684-6c7b-4249-a329-d420620d7968|79514","fptm|93227","fptm|79514","9af43684-6c7b-4249-a329-d420620d7968|93227","9af43684-6c7b-4249-a329-d420620d7968|79514","fptm|93227","fptm|79514","10,2,6","12-10,11-2,11-6","9af43684-6c7b-4249-a329-d420620d7968|division-2","Division 2","6cff8347-d017-41e8-90ce-b00b08b8033e","Fase de Grupos","Torres Rivera, Jeriel","Ortiz Amaro, Fabian","Jesus Mejias Vazquez / Jeriel Torres Rivera","Peter y Pollo","2"
"5acc1a8e-4e4f-4228-ab5f-fd847d7a3cc9|7-2#1","","2026-09-19","10:30 am","Group 8 (A vs. D)","singles","9af43684-6c7b-4249-a329-d420620d7968|60432","9af43684-6c7b-4249-a329-d420620d7968|97806","fptm|60432","fptm|97806","9af43684-6c7b-4249-a329-d420620d7968|60432","9af43684-6c7b-4249-a329-d420620d7968|97806","fptm|60432","fptm|97806","2,2,7","11-2,11-2,11-7","9af43684-6c7b-4249-a329-d420620d7968|division-3","Division 3","5acc1a8e-4e4f-4228-ab5f-fd847d7a3cc9","Fase de Grupos","Gomez Quiroz, Gabriel","Martinez Subervi, Kamille","Gabriel Gomez Quiroz / Elio Nunez Mercado","doble divas","1"
"5acc1a8e-4e4f-4228-ab5f-fd847d7a3cc9|7-2#2","","2026-09-19","10:30 am","Group 8 (A vs. D)","singles","9af43684-6c7b-4249-a329-d420620d7968|27578","9af43684-6c7b-4249-a329-d420620d7968|84593","fptm|27578","fptm|84593","9af43684-6c7b-4249-a329-d420620d7968|27578","9af43684-6c7b-4249-a329-d420620d7968|84593","fptm|27578","fptm|84593","7,8,-6,10","11-7,11-8,6-11,12-10","9af43684-6c7b-4249-a329-d420620d7968|division-3","Division 3","5acc1a8e-4e4f-4228-ab5f-fd847d7a3cc9","Fase de Grupos","Nunez Mercado, Elio","Zayas Fernandez, Wildiangelis","Gabriel Gomez Quiroz / Elio Nunez Mercado","doble divas","2"
"5acc1a8e-4e4f-4228-ab5f-fd847d7a3cc9|4-2#1","","2026-09-19","10:30 am","Group 5 (A vs. D)","singles","9af43684-6c7b-4249-a329-d420620d7968|71348","9af43684-6c7b-4249-a329-d420620d7968|93074","fptm|71348","fptm|93074","9af43684-6c7b-4249-a329-d420620d7968|71348","9af43684-6c7b-4249-a329-d420620d7968|93074","fptm|71348","fptm|93074","5,3,3","11-5,11-3,11-3","9af43684-6c7b-4249-a329-d420620d7968|division-3","Division 3","5acc1a8e-4e4f-4228-ab5f-fd847d7a3cc9","Fase de Grupos","Ofarril Correa, Candido","Negron Rosario, Genesis","Angel Perez Toro / Candido Ofarril Correa","Gold Girls","1"
"5acc1a8e-4e4f-4228-ab5f-fd847d7a3cc9|4-2#2","","2026-09-19","10:30 am","Group 5 (A vs. D)","singles","9af43684-6c7b-4249-a329-d420620d7968|17944","9af43684-6c7b-4249-a329-d420620d7968|22657","fptm|17944","fptm|22657","9af43684-6c7b-4249-a329-d420620d7968|17944","9af43684-6c7b-4249-a329-d420620d7968|22657","fptm|17944","fptm|22657","6,8,8","11-6,11-8,11-8","9af43684-6c7b-4249-a329-d420620d7968|division-3","Division 3","5acc1a8e-4e4f-4228-ab5f-fd847d7a3cc9","Fase de Grupos","Perez Toro, Angel","Sierra Delgado, Nahiara Danae","Angel Perez Toro / Candido Ofarril Correa","Gold Girls","2"
"5acc1a8e-4e4f-4228-ab5f-fd847d7a3cc9|3-2#1","","2026-09-19","10:30 am","Group 4 (A vs. D)","singles","9af43684-6c7b-4249-a329-d420620d7968|38016","9af43684-6c7b-4249-a329-d420620d7968|67087","fptm|38016","fptm|67087","9af43684-6c7b-4249-a329-d420620d7968|38016","9af43684-6c7b-4249-a329-d420620d7968|67087","fptm|38016","fptm|67087","1,5,7","11-1,11-5,11-7","9af43684-6c7b-4249-a329-d420620d7968|division-3","Division 3","5acc1a8e-4e4f-4228-ab5f-fd847d7a3cc9","Fase de Grupos","Rosado Rodriguez, Karellys","Martinez Gonzalez, Sebastian Yael","Dora y Botas","Los Bravos de Cridra","1"
"5acc1a8e-4e4f-4228-ab5f-fd847d7a3cc9|3-2#2","","2026-09-19","10:30 am","Group 4 (A vs. D)","singles","9af43684-6c7b-4249-a329-d420620d7968|73699","9af43684-6c7b-4249-a329-d420620d7968|76576","fptm|73699","fptm|76576","9af43684-6c7b-4249-a329-d420620d7968|73699","9af43684-6c7b-4249-a329-d420620d7968|76576","fptm|73699","fptm|76576","7,10,10","11-7,12-10,12-10","9af43684-6c7b-4249-a329-d420620d7968|division-3","Division 3","5acc1a8e-4e4f-4228-ab5f-fd847d7a3cc9","Fase de Grupos","Mejias Puente, Francisco","Torres Santiago, Emil Jeriel","Dora y Botas","Los Bravos de Cridra","2"
"5acc1a8e-4e4f-4228-ab5f-fd847d7a3cc9|2-2#1","","2026-09-19","10:30 am","Group 3 (A vs. D)","singles","9af43684-6c7b-4249-a329-d420620d7968|95180","9af43684-6c7b-4249-a329-d420620d7968|48940","fptm|95180","fptm|48940","9af43684-6c7b-4249-a329-d420620d7968|95180","9af43684-6c7b-4249-a329-d420620d7968|48940","fptm|95180","fptm|48940","9,4,-4,4","11-9,11-4,4-11,11-4","9af43684-6c7b-4249-a329-d420620d7968|division-3","Division 3","5acc1a8e-4e4f-4228-ab5f-fd847d7a3cc9","Fase de Grupos","Garcia Ramos, Ian","Trinidad Vazquez, Ketwin","R2D2 y C3PO","Los Caballitos","1"
"5acc1a8e-4e4f-4228-ab5f-fd847d7a3cc9|2-2#2","","2026-09-19","10:30 am","Group 3 (A vs. D)","singles","9af43684-6c7b-4249-a329-d420620d7968|74042","9af43684-6c7b-4249-a329-d420620d7968|69735","fptm|74042","fptm|69735","9af43684-6c7b-4249-a329-d420620d7968|74042","9af43684-6c7b-4249-a329-d420620d7968|69735","fptm|74042","fptm|69735","9,5,8","11-9,11-5,11-8","9af43684-6c7b-4249-a329-d420620d7968|division-3","Division 3","5acc1a8e-4e4f-4228-ab5f-fd847d7a3cc9","Fase de Grupos","Medina Diaz, Carlos","Ramos Dipiní, Dereck","R2D2 y C3PO","Los Caballitos","2"
"6cff8347-d017-41e8-90ce-b00b08b8033e|4-1#1","","2026-09-19","10:30 am","Group 5 (B vs. D)","singles","9af43684-6c7b-4249-a329-d420620d7968|39871","9af43684-6c7b-4249-a329-d420620d7968|74686","fptm|39871","fptm|74686","9af43684-6c7b-4249-a329-d420620d7968|74686","9af43684-6c7b-4249-a329-d420620d7968|39871","fptm|74686","fptm|39871","-9,6,6,-8,8","9-11,11-6,11-6,8-11,11-8","9af43684-6c7b-4249-a329-d420620d7968|division-2","Division 2","6cff8347-d017-41e8-90ce-b00b08b8033e","Fase de Grupos","Castro Perez, Isabella","Alvarado Santiago, Emely","Cookie and Cream","Tom y Jerry","1"
"6cff8347-d017-41e8-90ce-b00b08b8033e|4-1#2","","2026-09-19","10:30 am","Group 5 (B vs. D)","singles","9af43684-6c7b-4249-a329-d420620d7968|16175","9af43684-6c7b-4249-a329-d420620d7968|88504","fptm|16175","fptm|88504","9af43684-6c7b-4249-a329-d420620d7968|88504","9af43684-6c7b-4249-a329-d420620d7968|16175","fptm|88504","fptm|16175","6,-8,6,-6,10","11-6,8-11,11-6,6-11,12-10","9af43684-6c7b-4249-a329-d420620d7968|division-2","Division 2","6cff8347-d017-41e8-90ce-b00b08b8033e","Fase de Grupos","Gonzalez Maldonado, Yadier","Cintron Matos, April","Cookie and Cream","Tom y Jerry","2"
"6cff8347-d017-41e8-90ce-b00b08b8033e|4-1#4","","2026-09-19","10:30 am","Group 5 (B vs. D)","singles","9af43684-6c7b-4249-a329-d420620d7968|39871","9af43684-6c7b-4249-a329-d420620d7968|88504","fptm|39871","fptm|88504","9af43684-6c7b-4249-a329-d420620d7968|88504","9af43684-6c7b-4249-a329-d420620d7968|39871","fptm|88504","fptm|39871","-8,9,4,6","8-11,11-9,11-4,11-6","9af43684-6c7b-4249-a329-d420620d7968|division-2","Division 2","6cff8347-d017-41e8-90ce-b00b08b8033e","Fase de Grupos","Gonzalez Maldonado, Yadier","Alvarado Santiago, Emely","Cookie and Cream","Tom y Jerry","4"
"5acc1a8e-4e4f-4228-ab5f-fd847d7a3cc9|5-1#1","","2026-09-19","10:30 am","Group 6 (B vs. D)","singles","9af43684-6c7b-4249-a329-d420620d7968|10074","9af43684-6c7b-4249-a329-d420620d7968|49363","fptm|10074","fptm|49363","9af43684-6c7b-4249-a329-d420620d7968|10074","9af43684-6c7b-4249-a329-d420620d7968|49363","fptm|10074","fptm|49363","2,5,4","11-2,11-5,11-4","9af43684-6c7b-4249-a329-d420620d7968|division-3","Division 3","5acc1a8e-4e4f-4228-ab5f-fd847d7a3cc9","Fase de Grupos","Grell Collazo, Peter","Perez Irizarry, Arhalia","Los Noris","Las Bravas","1"
"5acc1a8e-4e4f-4228-ab5f-fd847d7a3cc9|5-1#2","","2026-09-19","10:30 am","Group 6 (B vs. D)","singles","9af43684-6c7b-4249-a329-d420620d7968|19305","9af43684-6c7b-4249-a329-d420620d7968|97410","fptm|19305","fptm|97410","9af43684-6c7b-4249-a329-d420620d7968|19305","9af43684-6c7b-4249-a329-d420620d7968|97410","fptm|19305","fptm|97410","3,4,5","11-3,11-4,11-5","9af43684-6c7b-4249-a329-d420620d7968|division-3","Division 3","5acc1a8e-4e4f-4228-ab5f-fd847d7a3cc9","Fase de Grupos","Cosme Ortiz, Eber","Vazquez Morales, Valentina","Los Noris","Las Bravas","2"
"6cff8347-d017-41e8-90ce-b00b08b8033e|4-0#1","","2026-09-19","10:30 am","Group 5 (A vs. C)","singles","9af43684-6c7b-4249-a329-d420620d7968|56566","9af43684-6c7b-4249-a329-d420620d7968|40021","fptm|56566","fptm|40021","9af43684-6c7b-4249-a329-d420620d7968|40021","9af43684-6c7b-4249-a329-d420620d7968|56566","fptm|40021","fptm|56566","-7,-9,8,11,9","7-11,9-11,11-8,13-11,11-9","9af43684-6c7b-4249-a329-d420620d7968|division-2","Division 2","6cff8347-d017-41e8-90ce-b00b08b8033e","Fase de Grupos","Maldonado Santos, Steven","Falcon Cruz, George","LOS KLANDEZTINOS","Los Peliculeros","1"
"6cff8347-d017-41e8-90ce-b00b08b8033e|4-0#2","","2026-09-19","10:30 am","Group 5 (A vs. C)","singles","9af43684-6c7b-4249-a329-d420620d7968|44993","9af43684-6c7b-4249-a329-d420620d7968|19287","fptm|44993","fptm|19287","9af43684-6c7b-4249-a329-d420620d7968|44993","9af43684-6c7b-4249-a329-d420620d7968|19287","fptm|44993","fptm|19287","6,9,8","11-6,11-9,11-8","9af43684-6c7b-4249-a329-d420620d7968|division-2","Division 2","6cff8347-d017-41e8-90ce-b00b08b8033e","Fase de Grupos","Acevedo Velazquez, Rene","Vega Borrero, Leilanisbet","LOS KLANDEZTINOS","Los Peliculeros","2"
"6cff8347-d017-41e8-90ce-b00b08b8033e|4-0#4","","2026-09-19","10:30 am","Group 5 (A vs. C)","singles","9af43684-6c7b-4249-a329-d420620d7968|56566","9af43684-6c7b-4249-a329-d420620d7968|19287","fptm|56566","fptm|19287","9af43684-6c7b-4249-a329-d420620d7968|56566","9af43684-6c7b-4249-a329-d420620d7968|19287","fptm|56566","fptm|19287","3,8,9","11-3,11-8,11-9","9af43684-6c7b-4249-a329-d420620d7968|division-2","Division 2","6cff8347-d017-41e8-90ce-b00b08b8033e","Fase de Grupos","Falcon Cruz, George","Vega Borrero, Leilanisbet","LOS KLANDEZTINOS","Los Peliculeros","4"
"661c2a29-9e78-4a41-9fff-92e6d1cfd876|1-5#1","","2026-09-19","09:00 am","Group 2 (A vs. B)","singles","9af43684-6c7b-4249-a329-d420620d7968|42098","9af43684-6c7b-4249-a329-d420620d7968|81482","fptm|42098","fptm|81482","9af43684-6c7b-4249-a329-d420620d7968|42098","9af43684-6c7b-4249-a329-d420620d7968|81482","fptm|42098","fptm|81482","8,5,9","11-8,11-5,11-9","9af43684-6c7b-4249-a329-d420620d7968|division-1","Division 1","661c2a29-9e78-4a41-9fff-92e6d1cfd876","Fase de Grupos","Mena Sigler, Brian","Lopez Velez, Yadier","Los Casi Profesionales","Taínos","1"
"661c2a29-9e78-4a41-9fff-92e6d1cfd876|1-5#2","","2026-09-19","09:00 am","Group 2 (A vs. B)","singles","9af43684-6c7b-4249-a329-d420620d7968|14165","9af43684-6c7b-4249-a329-d420620d7968|54597","fptm|14165","fptm|54597","9af43684-6c7b-4249-a329-d420620d7968|14165","9af43684-6c7b-4249-a329-d420620d7968|54597","fptm|14165","fptm|54597","-10,7,7,1","10-12,11-7,11-7,11-1","9af43684-6c7b-4249-a329-d420620d7968|division-1","Division 1","661c2a29-9e78-4a41-9fff-92e6d1cfd876","Fase de Grupos","Melendez Lafontaine, Kristal","Nieves Burgos, Jose","Los Casi Profesionales","Taínos","2"
"661c2a29-9e78-4a41-9fff-92e6d1cfd876|0-5#1","","2026-09-19","09:00 am","Group 1 (A vs. B)","singles","9af43684-6c7b-4249-a329-d420620d7968|21395","9af43684-6c7b-4249-a329-d420620d7968|36062","fptm|21395","fptm|36062","9af43684-6c7b-4249-a329-d420620d7968|36062","9af43684-6c7b-4249-a329-d420620d7968|21395","fptm|36062","fptm|21395","8,9,9","11-8,11-9,11-9","9af43684-6c7b-4249-a329-d420620d7968|division-1","Division 1","661c2a29-9e78-4a41-9fff-92e6d1cfd876","Fase de Grupos","Darley Mejia, Eduardo","Birriel Rivera, Oscar","Jerall Montijo Rivera / Oscar Birriel Rivera","Los Decifit","1"
"661c2a29-9e78-4a41-9fff-92e6d1cfd876|0-5#2","","2026-09-19","09:00 am","Group 1 (A vs. B)","singles","9af43684-6c7b-4249-a329-d420620d7968|24592","9af43684-6c7b-4249-a329-d420620d7968|57052","fptm|24592","fptm|57052","9af43684-6c7b-4249-a329-d420620d7968|24592","9af43684-6c7b-4249-a329-d420620d7968|57052","fptm|24592","fptm|57052","2,5,8","11-2,11-5,11-8","9af43684-6c7b-4249-a329-d420620d7968|division-1","Division 1","661c2a29-9e78-4a41-9fff-92e6d1cfd876","Fase de Grupos","Montijo Rivera, Jerall","Ruperto Colon, Dylan","Jerall Montijo Rivera / Oscar Birriel Rivera","Los Decifit","2"
"661c2a29-9e78-4a41-9fff-92e6d1cfd876|0-5#4","","2026-09-19","09:00 am","Group 1 (A vs. B)","singles","9af43684-6c7b-4249-a329-d420620d7968|24592","9af43684-6c7b-4249-a329-d420620d7968|36062","fptm|24592","fptm|36062","9af43684-6c7b-4249-a329-d420620d7968|36062","9af43684-6c7b-4249-a329-d420620d7968|24592","fptm|36062","fptm|24592","6,-7,10,14","11-6,7-11,12-10,16-14","9af43684-6c7b-4249-a329-d420620d7968|division-1","Division 1","661c2a29-9e78-4a41-9fff-92e6d1cfd876","Fase de Grupos","Darley Mejia, Eduardo","Montijo Rivera, Jerall","Jerall Montijo Rivera / Oscar Birriel Rivera","Los Decifit","4"
"661c2a29-9e78-4a41-9fff-92e6d1cfd876|0-5#5","","2026-09-19","09:00 am","Group 1 (A vs. B)","singles","9af43684-6c7b-4249-a329-d420620d7968|21395","9af43684-6c7b-4249-a329-d420620d7968|57052","fptm|21395","fptm|57052","9af43684-6c7b-4249-a329-d420620d7968|21395","9af43684-6c7b-4249-a329-d420620d7968|57052","fptm|21395","fptm|57052","-9,7,6,-9,9","9-11,11-7,11-6,9-11,11-9","9af43684-6c7b-4249-a329-d420620d7968|division-1","Division 1","661c2a29-9e78-4a41-9fff-92e6d1cfd876","Fase de Grupos","Birriel Rivera, Oscar","Ruperto Colon, Dylan","Jerall Montijo Rivera / Oscar Birriel Rivera","Los Decifit","5"
"661c2a29-9e78-4a41-9fff-92e6d1cfd876|1-4#1","","2026-09-19","09:00 am","Group 2 (C vs. D)","singles","9af43684-6c7b-4249-a329-d420620d7968|30926","9af43684-6c7b-4249-a329-d420620d7968|20458","fptm|30926","fptm|20458","9af43684-6c7b-4249-a329-d420620d7968|30926","9af43684-6c7b-4249-a329-d420620d7968|20458","fptm|30926","fptm|20458","-9,9,-8,8,8","9-11,11-9,8-11,11-8,11-8","9af43684-6c7b-4249-a329-d420620d7968|division-1","Division 1","661c2a29-9e78-4a41-9fff-92e6d1cfd876","Fase de Grupos","Melendez Lafontaine, Angel","Torres Mercado, Alejandro","Los machuca PR","Los Pokemones","1"
"661c2a29-9e78-4a41-9fff-92e6d1cfd876|1-4#2","","2026-09-19","09:00 am","Group 2 (C vs. D)","singles","9af43684-6c7b-4249-a329-d420620d7968|57400","9af43684-6c7b-4249-a329-d420620d7968|30379","fptm|57400","fptm|30379","9af43684-6c7b-4249-a329-d420620d7968|30379","9af43684-6c7b-4249-a329-d420620d7968|57400","fptm|30379","fptm|57400","8,-0,8,8","11-8,0-11,11-8,11-8","9af43684-6c7b-4249-a329-d420620d7968|division-1","Division 1","661c2a29-9e78-4a41-9fff-92e6d1cfd876","Fase de Grupos","Gonzalez Maldonado, Yalex","Pedraza Del Valle, Sebastian","Los machuca PR","Los Pokemones","2"
"661c2a29-9e78-4a41-9fff-92e6d1cfd876|1-4#4","","2026-09-19","09:00 am","Group 2 (C vs. D)","singles","9af43684-6c7b-4249-a329-d420620d7968|57400","9af43684-6c7b-4249-a329-d420620d7968|20458","fptm|57400","fptm|20458","9af43684-6c7b-4249-a329-d420620d7968|20458","9af43684-6c7b-4249-a329-d420620d7968|57400","fptm|20458","fptm|57400","6,0,0","11-6,11-0,11-0","9af43684-6c7b-4249-a329-d420620d7968|division-1","Division 1","661c2a29-9e78-4a41-9fff-92e6d1cfd876","Fase de Grupos","Torres Mercado, Alejandro","Pedraza Del Valle, Sebastian","Los machuca PR","Los Pokemones","4"
"661c2a29-9e78-4a41-9fff-92e6d1cfd876|1-4#5","","2026-09-19","09:00 am","Group 2 (C vs. D)","singles","9af43684-6c7b-4249-a329-d420620d7968|30926","9af43684-6c7b-4249-a329-d420620d7968|30379","fptm|30926","fptm|30379","9af43684-6c7b-4249-a329-d420620d7968|30926","9af43684-6c7b-4249-a329-d420620d7968|30379","fptm|30926","fptm|30379","-6,8,5,6","6-11,11-8,11-5,11-6","9af43684-6c7b-4249-a329-d420620d7968|division-1","Division 1","661c2a29-9e78-4a41-9fff-92e6d1cfd876","Fase de Grupos","Melendez Lafontaine, Angel","Gonzalez Maldonado, Yalex","Los machuca PR","Los Pokemones","5"
"661c2a29-9e78-4a41-9fff-92e6d1cfd876|0-4#1","","2026-09-19","09:00 am","Group 1 (C vs. D)","singles","9af43684-6c7b-4249-a329-d420620d7968|68878","9af43684-6c7b-4249-a329-d420620d7968|64987","fptm|68878","fptm|64987","9af43684-6c7b-4249-a329-d420620d7968|68878","9af43684-6c7b-4249-a329-d420620d7968|64987","fptm|68878","fptm|64987","6,6,-6,-6,9","11-6,11-6,6-11,6-11,11-9","9af43684-6c7b-4249-a329-d420620d7968|division-1","Division 1","661c2a29-9e78-4a41-9fff-92e6d1cfd876","Fase de Grupos","Aviles Perez, Chrisnomar","Torres Nieves, Derek","11/19","Michael Rodriguez Aviles / Derek Torres Nieves","1"
"661c2a29-9e78-4a41-9fff-92e6d1cfd876|0-4#2","","2026-09-19","09:00 am","Group 1 (C vs. D)","singles","9af43684-6c7b-4249-a329-d420620d7968|76237","9af43684-6c7b-4249-a329-d420620d7968|89840","fptm|76237","fptm|89840","9af43684-6c7b-4249-a329-d420620d7968|76237","9af43684-6c7b-4249-a329-d420620d7968|89840","fptm|76237","fptm|89840","8,7,5","11-8,11-7,11-5","9af43684-6c7b-4249-a329-d420620d7968|division-1","Division 1","661c2a29-9e78-4a41-9fff-92e6d1cfd876","Fase de Grupos","Cuadro Perez, Ryan","Rodriguez Aviles, Michael","11/19","Michael Rodriguez Aviles / Derek Torres Nieves","2"
"661c2a29-9e78-4a41-9fff-92e6d1cfd876|1-3#1","","2026-09-19","09:00 am","Group 2 (B vs. C)","singles","9af43684-6c7b-4249-a329-d420620d7968|54597","9af43684-6c7b-4249-a329-d420620d7968|30926","fptm|54597","fptm|30926","9af43684-6c7b-4249-a329-d420620d7968|54597","9af43684-6c7b-4249-a329-d420620d7968|30926","fptm|54597","fptm|30926","6,7,4","11-6,11-7,11-4","9af43684-6c7b-4249-a329-d420620d7968|division-1","Division 1","661c2a29-9e78-4a41-9fff-92e6d1cfd876","Fase de Grupos","Nieves Burgos, Jose","Melendez Lafontaine, Angel","Taínos","Los machuca PR","1"
"661c2a29-9e78-4a41-9fff-92e6d1cfd876|1-3#2","","2026-09-19","09:00 am","Group 2 (B vs. C)","singles","9af43684-6c7b-4249-a329-d420620d7968|81482","9af43684-6c7b-4249-a329-d420620d7968|57400","fptm|81482","fptm|57400","9af43684-6c7b-4249-a329-d420620d7968|81482","9af43684-6c7b-4249-a329-d420620d7968|57400","fptm|81482","fptm|57400","3,8,7","11-3,11-8,11-7","9af43684-6c7b-4249-a329-d420620d7968|division-1","Division 1","661c2a29-9e78-4a41-9fff-92e6d1cfd876","Fase de Grupos","Lopez Velez, Yadier","Pedraza Del Valle, Sebastian","Taínos","Los machuca PR","2"
"661c2a29-9e78-4a41-9fff-92e6d1cfd876|0-3#1","","2026-09-19","09:00 am","Group 1 (B vs. C)","singles","9af43684-6c7b-4249-a329-d420620d7968|57052","9af43684-6c7b-4249-a329-d420620d7968|68878","fptm|57052","fptm|68878","9af43684-6c7b-4249-a329-d420620d7968|57052","9af43684-6c7b-4249-a329-d420620d7968|68878","fptm|57052","fptm|68878","12,-18,9,9","14-12,18-20,11-9,11-9","9af43684-6c7b-4249-a329-d420620d7968|division-1","Division 1","661c2a29-9e78-4a41-9fff-92e6d1cfd876","Fase de Grupos","Ruperto Colon, Dylan","Aviles Perez, Chrisnomar","Los Decifit","11/19","1"
"661c2a29-9e78-4a41-9fff-92e6d1cfd876|0-3#2","","2026-09-19","09:00 am","Group 1 (B vs. C)","singles","9af43684-6c7b-4249-a329-d420620d7968|36062","9af43684-6c7b-4249-a329-d420620d7968|76237","fptm|36062","fptm|76237","9af43684-6c7b-4249-a329-d420620d7968|36062","9af43684-6c7b-4249-a329-d420620d7968|76237","fptm|36062","fptm|76237","9,5,6","11-9,11-5,11-6","9af43684-6c7b-4249-a329-d420620d7968|division-1","Division 1","661c2a29-9e78-4a41-9fff-92e6d1cfd876","Fase de Grupos","Darley Mejia, Eduardo","Cuadro Perez, Ryan","Los Decifit","11/19","2"
"661c2a29-9e78-4a41-9fff-92e6d1cfd876|1-2#1","","2026-09-19","09:00 am","Group 2 (A vs. D)","singles","9af43684-6c7b-4249-a329-d420620d7968|42098","9af43684-6c7b-4249-a329-d420620d7968|30379","fptm|42098","fptm|30379","9af43684-6c7b-4249-a329-d420620d7968|42098","9af43684-6c7b-4249-a329-d420620d7968|30379","fptm|42098","fptm|30379","6,5,6","11-6,11-5,11-6","9af43684-6c7b-4249-a329-d420620d7968|division-1","Division 1","661c2a29-9e78-4a41-9fff-92e6d1cfd876","Fase de Grupos","Mena Sigler, Brian","Gonzalez Maldonado, Yalex","Los Casi Profesionales","Los Pokemones","1"
"661c2a29-9e78-4a41-9fff-92e6d1cfd876|1-2#2","","2026-09-19","09:00 am","Group 2 (A vs. D)","singles","9af43684-6c7b-4249-a329-d420620d7968|14165","9af43684-6c7b-4249-a329-d420620d7968|20458","fptm|14165","fptm|20458","9af43684-6c7b-4249-a329-d420620d7968|14165","9af43684-6c7b-4249-a329-d420620d7968|20458","fptm|14165","fptm|20458","8,-10,4,7","11-8,10-12,11-4,11-7","9af43684-6c7b-4249-a329-d420620d7968|division-1","Division 1","661c2a29-9e78-4a41-9fff-92e6d1cfd876","Fase de Grupos","Melendez Lafontaine, Kristal","Torres Mercado, Alejandro","Los Casi Profesionales","Los Pokemones","2"
"6cff8347-d017-41e8-90ce-b00b08b8033e|3-1#1","","2026-09-19","09:00 am","Group 4 (B vs. D)","singles","9af43684-6c7b-4249-a329-d420620d7968|19358","9af43684-6c7b-4249-a329-d420620d7968|17331","fptm|19358","fptm|17331","9af43684-6c7b-4249-a329-d420620d7968|17331","9af43684-6c7b-4249-a329-d420620d7968|19358","fptm|17331","fptm|19358","-8,-7,11,7,11","8-11,7-11,13-11,11-7,13-11","9af43684-6c7b-4249-a329-d420620d7968|division-2","Division 2","6cff8347-d017-41e8-90ce-b00b08b8033e","Fase de Grupos","Lopez Carbo, Abel","Bonome Burgos, Aurora","Dúo Dinámico (Aurobri)","Net Killers","1"
"6cff8347-d017-41e8-90ce-b00b08b8033e|3-1#2","","2026-09-19","09:00 am","Group 4 (B vs. D)","singles","9af43684-6c7b-4249-a329-d420620d7968|45382","9af43684-6c7b-4249-a329-d420620d7968|69470","fptm|45382","fptm|69470","9af43684-6c7b-4249-a329-d420620d7968|69470","9af43684-6c7b-4249-a329-d420620d7968|45382","fptm|69470","fptm|45382","-4,9,-10,8,9","4-11,11-9,10-12,11-8,11-9","9af43684-6c7b-4249-a329-d420620d7968|division-2","Division 2","6cff8347-d017-41e8-90ce-b00b08b8033e","Fase de Grupos","Vazquez Rivas, Edniell","Rodriguez Marrero, Brianna","Dúo Dinámico (Aurobri)","Net Killers","2"
"6cff8347-d017-41e8-90ce-b00b08b8033e|3-1#4","","2026-09-19","09:00 am","Group 4 (B vs. D)","singles","9af43684-6c7b-4249-a329-d420620d7968|19358","9af43684-6c7b-4249-a329-d420620d7968|69470","fptm|19358","fptm|69470","9af43684-6c7b-4249-a329-d420620d7968|19358","9af43684-6c7b-4249-a329-d420620d7968|69470","fptm|19358","fptm|69470","-8,9,6,-8,8","8-11,11-9,11-6,8-11,11-8","9af43684-6c7b-4249-a329-d420620d7968|division-2","Division 2","6cff8347-d017-41e8-90ce-b00b08b8033e","Fase de Grupos","Bonome Burgos, Aurora","Vazquez Rivas, Edniell","Dúo Dinámico (Aurobri)","Net Killers","4"
"6cff8347-d017-41e8-90ce-b00b08b8033e|3-1#5","","2026-09-19","09:00 am","Group 4 (B vs. D)","singles","9af43684-6c7b-4249-a329-d420620d7968|45382","9af43684-6c7b-4249-a329-d420620d7968|17331","fptm|45382","fptm|17331","9af43684-6c7b-4249-a329-d420620d7968|45382","9af43684-6c7b-4249-a329-d420620d7968|17331","fptm|45382","fptm|17331","9,9,6","11-9,11-9,11-6","9af43684-6c7b-4249-a329-d420620d7968|division-2","Division 2","6cff8347-d017-41e8-90ce-b00b08b8033e","Fase de Grupos","Rodriguez Marrero, Brianna","Lopez Carbo, Abel","Dúo Dinámico (Aurobri)","Net Killers","5"
"6cff8347-d017-41e8-90ce-b00b08b8033e|2-1#1","","2026-09-19","09:00 am","Group 3 (B vs. D)","singles","9af43684-6c7b-4249-a329-d420620d7968|99593","9af43684-6c7b-4249-a329-d420620d7968|86622","fptm|99593","fptm|86622","9af43684-6c7b-4249-a329-d420620d7968|86622","9af43684-6c7b-4249-a329-d420620d7968|99593","fptm|86622","fptm|99593","-5,9,-11,13,9","5-11,11-9,11-13,15-13,11-9","9af43684-6c7b-4249-a329-d420620d7968|division-2","Division 2","6cff8347-d017-41e8-90ce-b00b08b8033e","Fase de Grupos","Velazquez Nieves, Ian","Lopez Nieves, Jahaziel","Suzanahoria","Spin y Puntos","1"
"6cff8347-d017-41e8-90ce-b00b08b8033e|2-1#2","","2026-09-19","09:00 am","Group 3 (B vs. D)","singles","9af43684-6c7b-4249-a329-d420620d7968|65333","9af43684-6c7b-4249-a329-d420620d7968|87128","fptm|65333","fptm|87128","9af43684-6c7b-4249-a329-d420620d7968|65333","9af43684-6c7b-4249-a329-d420620d7968|87128","fptm|65333","fptm|87128","6,3,2","11-6,11-3,11-2","9af43684-6c7b-4249-a329-d420620d7968|division-2","Division 2","6cff8347-d017-41e8-90ce-b00b08b8033e","Fase de Grupos","Cortes Guerrero, Sebastian","Diaz Nunez, Sofia","Suzanahoria","Spin y Puntos","2"
"6cff8347-d017-41e8-90ce-b00b08b8033e|2-1#4","","2026-09-19","09:00 am","Group 3 (B vs. D)","singles","9af43684-6c7b-4249-a329-d420620d7968|65333","9af43684-6c7b-4249-a329-d420620d7968|86622","fptm|65333","fptm|86622","9af43684-6c7b-4249-a329-d420620d7968|65333","9af43684-6c7b-4249-a329-d420620d7968|86622","fptm|65333","fptm|86622","-4,7,-6,6,9","4-11,11-7,6-11,11-6,11-9","9af43684-6c7b-4249-a329-d420620d7968|division-2","Division 2","6cff8347-d017-41e8-90ce-b00b08b8033e","Fase de Grupos","Cortes Guerrero, Sebastian","Velazquez Nieves, Ian","Suzanahoria","Spin y Puntos","4"
"6cff8347-d017-41e8-90ce-b00b08b8033e|1-1#1","","2026-09-19","09:00 am","Group 2 (B vs. D)","singles","9af43684-6c7b-4249-a329-d420620d7968|95909","9af43684-6c7b-4249-a329-d420620d7968|18326","fptm|95909","fptm|18326","9af43684-6c7b-4249-a329-d420620d7968|95909","9af43684-6c7b-4249-a329-d420620d7968|18326","fptm|95909","fptm|18326","6,3,9","11-6,11-3,11-9","9af43684-6c7b-4249-a329-d420620d7968|division-2","Division 2","6cff8347-d017-41e8-90ce-b00b08b8033e","Fase de Grupos","Cruz Alvarez, Omar","Rivera Rivera, Ryan","la combi platina","Los nenes","1"
"6cff8347-d017-41e8-90ce-b00b08b8033e|1-1#2","","2026-09-19","09:00 am","Group 2 (B vs. D)","singles","9af43684-6c7b-4249-a329-d420620d7968|57447","9af43684-6c7b-4249-a329-d420620d7968|63354","fptm|57447","fptm|63354","9af43684-6c7b-4249-a329-d420620d7968|57447","9af43684-6c7b-4249-a329-d420620d7968|63354","fptm|57447","fptm|63354","9,5,-11,7","11-9,11-5,11-13,11-7","9af43684-6c7b-4249-a329-d420620d7968|division-2","Division 2","6cff8347-d017-41e8-90ce-b00b08b8033e","Fase de Grupos","Marrero Negron, Christian","Perez Fernandez, Josue","la combi platina","Los nenes","2"
"6cff8347-d017-41e8-90ce-b00b08b8033e|0-1#1","","2026-09-19","09:00 am","Group 1 (B vs. D)","singles","9af43684-6c7b-4249-a329-d420620d7968|80010","9af43684-6c7b-4249-a329-d420620d7968|57576","fptm|80010","fptm|57576","9af43684-6c7b-4249-a329-d420620d7968|57576","9af43684-6c7b-4249-a329-d420620d7968|80010","fptm|57576","fptm|80010","-10,7,9,-6,9","10-12,11-7,11-9,6-11,11-9","9af43684-6c7b-4249-a329-d420620d7968|division-2","Division 2","6cff8347-d017-41e8-90ce-b00b08b8033e","Fase de Grupos","Ortiz Vazquez, Derick","Cruz Rosario, Danelys","Camila Cruz Rosario / Danelys Cruz Rosario","Peter y Pollo","1"
"6cff8347-d017-41e8-90ce-b00b08b8033e|0-1#2","","2026-09-19","09:00 am","Group 1 (B vs. D)","singles","9af43684-6c7b-4249-a329-d420620d7968|99192","9af43684-6c7b-4249-a329-d420620d7968|79514","fptm|99192","fptm|79514","9af43684-6c7b-4249-a329-d420620d7968|79514","9af43684-6c7b-4249-a329-d420620d7968|99192","fptm|79514","fptm|99192","9,-7,8,-10,11","11-9,7-11,11-8,10-12,13-11","9af43684-6c7b-4249-a329-d420620d7968|division-2","Division 2","6cff8347-d017-41e8-90ce-b00b08b8033e","Fase de Grupos","Ortiz Amaro, Fabian","Cruz Rosario, Camila","Camila Cruz Rosario / Danelys Cruz Rosario","Peter y Pollo","2"
"6cff8347-d017-41e8-90ce-b00b08b8033e|0-1#4","","2026-09-19","09:00 am","Group 1 (B vs. D)","singles","9af43684-6c7b-4249-a329-d420620d7968|99192","9af43684-6c7b-4249-a329-d420620d7968|57576","fptm|99192","fptm|57576","9af43684-6c7b-4249-a329-d420620d7968|57576","9af43684-6c7b-4249-a329-d420620d7968|99192","fptm|57576","fptm|99192","8,-9,-6,6,8","11-8,9-11,6-11,11-6,11-8","9af43684-6c7b-4249-a329-d420620d7968|division-2","Division 2","6cff8347-d017-41e8-90ce-b00b08b8033e","Fase de Grupos","Ortiz Vazquez, Derick","Cruz Rosario, Camila","Camila Cruz Rosario / Danelys Cruz Rosario","Peter y Pollo","4"
"661c2a29-9e78-4a41-9fff-92e6d1cfd876|1-1#1","","2026-09-19","09:00 am","Group 2 (B vs. D)","singles","9af43684-6c7b-4249-a329-d420620d7968|54597","9af43684-6c7b-4249-a329-d420620d7968|20458","fptm|54597","fptm|20458","9af43684-6c7b-4249-a329-d420620d7968|54597","9af43684-6c7b-4249-a329-d420620d7968|20458","fptm|54597","fptm|20458","9,10,3","11-9,12-10,11-3","9af43684-6c7b-4249-a329-d420620d7968|division-1","Division 1","661c2a29-9e78-4a41-9fff-92e6d1cfd876","Fase de Grupos","Nieves Burgos, Jose","Torres Mercado, Alejandro","Taínos","Los Pokemones","1"
"661c2a29-9e78-4a41-9fff-92e6d1cfd876|1-1#2","","2026-09-19","09:00 am","Group 2 (B vs. D)","singles","9af43684-6c7b-4249-a329-d420620d7968|81482","9af43684-6c7b-4249-a329-d420620d7968|30379","fptm|81482","fptm|30379","9af43684-6c7b-4249-a329-d420620d7968|81482","9af43684-6c7b-4249-a329-d420620d7968|30379","fptm|81482","fptm|30379","3,8,8","11-3,11-8,11-8","9af43684-6c7b-4249-a329-d420620d7968|division-1","Division 1","661c2a29-9e78-4a41-9fff-92e6d1cfd876","Fase de Grupos","Lopez Velez, Yadier","Gonzalez Maldonado, Yalex","Taínos","Los Pokemones","2"
"661c2a29-9e78-4a41-9fff-92e6d1cfd876|0-1#1","","2026-09-19","09:00 am","Group 1 (B vs. D)","singles","9af43684-6c7b-4249-a329-d420620d7968|57052","9af43684-6c7b-4249-a329-d420620d7968|89840","fptm|57052","fptm|89840","9af43684-6c7b-4249-a329-d420620d7968|57052","9af43684-6c7b-4249-a329-d420620d7968|89840","fptm|57052","fptm|89840","2,9,6","11-2,11-9,11-6","9af43684-6c7b-4249-a329-d420620d7968|division-1","Division 1","661c2a29-9e78-4a41-9fff-92e6d1cfd876","Fase de Grupos","Ruperto Colon, Dylan","Rodriguez Aviles, Michael","Los Decifit","Michael Rodriguez Aviles / Derek Torres Nieves","1"
"661c2a29-9e78-4a41-9fff-92e6d1cfd876|0-1#2","","2026-09-19","09:00 am","Group 1 (B vs. D)","singles","9af43684-6c7b-4249-a329-d420620d7968|36062","9af43684-6c7b-4249-a329-d420620d7968|64987","fptm|36062","fptm|64987","9af43684-6c7b-4249-a329-d420620d7968|36062","9af43684-6c7b-4249-a329-d420620d7968|64987","fptm|36062","fptm|64987","9,5,11","11-9,11-5,13-11","9af43684-6c7b-4249-a329-d420620d7968|division-1","Division 1","661c2a29-9e78-4a41-9fff-92e6d1cfd876","Fase de Grupos","Darley Mejia, Eduardo","Torres Nieves, Derek","Los Decifit","Michael Rodriguez Aviles / Derek Torres Nieves","2"
"5acc1a8e-4e4f-4228-ab5f-fd847d7a3cc9|7-1#1","","2026-09-19","09:00 am","Group 8 (B vs. D)","singles","9af43684-6c7b-4249-a329-d420620d7968|42493","9af43684-6c7b-4249-a329-d420620d7968|84593","fptm|42493","fptm|84593","9af43684-6c7b-4249-a329-d420620d7968|42493","9af43684-6c7b-4249-a329-d420620d7968|84593","fptm|42493","fptm|84593","8,6,10","11-8,11-6,12-10","9af43684-6c7b-4249-a329-d420620d7968|division-3","Division 3","5acc1a8e-4e4f-4228-ab5f-fd847d7a3cc9","Fase de Grupos","Mateo De Jesus, Jeyliaris","Zayas Fernandez, Wildiangelis","2 Raquetas, 1 Problema","doble divas","1"
"5acc1a8e-4e4f-4228-ab5f-fd847d7a3cc9|7-1#2","","2026-09-19","09:00 am","Group 8 (B vs. D)","singles","9af43684-6c7b-4249-a329-d420620d7968|94012","9af43684-6c7b-4249-a329-d420620d7968|97806","fptm|94012","fptm|97806","9af43684-6c7b-4249-a329-d420620d7968|94012","9af43684-6c7b-4249-a329-d420620d7968|97806","fptm|94012","fptm|97806","10,3,4","12-10,11-3,11-4","9af43684-6c7b-4249-a329-d420620d7968|division-3","Division 3","5acc1a8e-4e4f-4228-ab5f-fd847d7a3cc9","Fase de Grupos","Perez Alvarado, Susana","Martinez Subervi, Kamille","2 Raquetas, 1 Problema","doble divas","2"
"5acc1a8e-4e4f-4228-ab5f-fd847d7a3cc9|6-1#1","","2026-09-19","09:00 am","Group 7 (B vs. D)","singles","9af43684-6c7b-4249-a329-d420620d7968|75435","9af43684-6c7b-4249-a329-d420620d7968|32810","fptm|75435","fptm|32810","9af43684-6c7b-4249-a329-d420620d7968|75435","9af43684-6c7b-4249-a329-d420620d7968|32810","fptm|75435","fptm|32810","11,9,5","13-11,11-9,11-5","9af43684-6c7b-4249-a329-d420620d7968|division-3","Division 3","5acc1a8e-4e4f-4228-ab5f-fd847d7a3cc9","Fase de Grupos","Diaz Rivera, Pedro","Morales Silva, Yeidymar","Los rompe discotek","Yeidymar Morales Silva / Kamila Ortiz Fargas","1"
"5acc1a8e-4e4f-4228-ab5f-fd847d7a3cc9|6-1#2","","2026-09-19","09:00 am","Group 7 (B vs. D)","singles","9af43684-6c7b-4249-a329-d420620d7968|36306","9af43684-6c7b-4249-a329-d420620d7968|63964","fptm|36306","fptm|63964","9af43684-6c7b-4249-a329-d420620d7968|36306","9af43684-6c7b-4249-a329-d420620d7968|63964","fptm|36306","fptm|63964","5,4,4","11-5,11-4,11-4","9af43684-6c7b-4249-a329-d420620d7968|division-3","Division 3","5acc1a8e-4e4f-4228-ab5f-fd847d7a3cc9","Fase de Grupos","Velazquez Vazquez, Rene","Ortiz Fargas, Kamila","Los rompe discotek","Yeidymar Morales Silva / Kamila Ortiz Fargas","2"
"5acc1a8e-4e4f-4228-ab5f-fd847d7a3cc9|4-1#1","","2026-09-19","09:00 am","Group 5 (B vs. D)","singles","9af43684-6c7b-4249-a329-d420620d7968|39154","9af43684-6c7b-4249-a329-d420620d7968|93074","fptm|39154","fptm|93074","9af43684-6c7b-4249-a329-d420620d7968|39154","9af43684-6c7b-4249-a329-d420620d7968|93074","fptm|39154","fptm|93074","5,7,9","11-5,11-7,11-9","9af43684-6c7b-4249-a329-d420620d7968|division-3","Division 3","5acc1a8e-4e4f-4228-ab5f-fd847d7a3cc9","Fase de Grupos","Cintron Vazquez, Johanier","Negron Rosario, Genesis","Los Lobos del Horizonte","Gold Girls","1"
"5acc1a8e-4e4f-4228-ab5f-fd847d7a3cc9|4-1#2","","2026-09-19","09:00 am","Group 5 (B vs. D)","singles","9af43684-6c7b-4249-a329-d420620d7968|97684","9af43684-6c7b-4249-a329-d420620d7968|22657","fptm|97684","fptm|22657","9af43684-6c7b-4249-a329-d420620d7968|97684","9af43684-6c7b-4249-a329-d420620d7968|22657","fptm|97684","fptm|22657","-9,10,4,7","9-11,12-10,11-4,11-7","9af43684-6c7b-4249-a329-d420620d7968|division-3","Division 3","5acc1a8e-4e4f-4228-ab5f-fd847d7a3cc9","Fase de Grupos","Santos Laboy, Teddy","Sierra Delgado, Nahiara Danae","Los Lobos del Horizonte","Gold Girls","2"
"5acc1a8e-4e4f-4228-ab5f-fd847d7a3cc9|3-1#1","","2026-09-19","09:00 am","Group 4 (B vs. D)","singles","9af43684-6c7b-4249-a329-d420620d7968|21226","9af43684-6c7b-4249-a329-d420620d7968|67087","fptm|21226","fptm|67087","9af43684-6c7b-4249-a329-d420620d7968|21226","9af43684-6c7b-4249-a329-d420620d7968|67087","fptm|21226","fptm|67087","6,2,3","11-6,11-2,11-3","9af43684-6c7b-4249-a329-d420620d7968|division-3","Division 3","5acc1a8e-4e4f-4228-ab5f-fd847d7a3cc9","Fase de Grupos","Nazario Colon, Abdiel","Martinez Gonzalez, Sebastian Yael","PRBSA 1","Los Bravos de Cridra","1"
"5acc1a8e-4e4f-4228-ab5f-fd847d7a3cc9|3-1#2","","2026-09-19","09:00 am","Group 4 (B vs. D)","singles","9af43684-6c7b-4249-a329-d420620d7968|63883","9af43684-6c7b-4249-a329-d420620d7968|76576","fptm|63883","fptm|76576","9af43684-6c7b-4249-a329-d420620d7968|63883","9af43684-6c7b-4249-a329-d420620d7968|76576","fptm|63883","fptm|76576","11,6,8","13-11,11-6,11-8","9af43684-6c7b-4249-a329-d420620d7968|division-3","Division 3","5acc1a8e-4e4f-4228-ab5f-fd847d7a3cc9","Fase de Grupos","Sanchez Lozada, Jean","Torres Santiago, Emil Jeriel","PRBSA 1","Los Bravos de Cridra","2"
"5acc1a8e-4e4f-4228-ab5f-fd847d7a3cc9|2-1#1","","2026-09-19","09:00 am","Group 3 (B vs. D)","singles","9af43684-6c7b-4249-a329-d420620d7968|26828","9af43684-6c7b-4249-a329-d420620d7968|48940","fptm|26828","fptm|48940","9af43684-6c7b-4249-a329-d420620d7968|26828","9af43684-6c7b-4249-a329-d420620d7968|48940","fptm|26828","fptm|48940","3,9,5","11-3,11-9,11-5","9af43684-6c7b-4249-a329-d420620d7968|division-3","Division 3","5acc1a8e-4e4f-4228-ab5f-fd847d7a3cc9","Fase de Grupos","Caban Padilla, Sebastian","Trinidad Vazquez, Ketwin","Los Pimponeros","Los Caballitos","1"
"5acc1a8e-4e4f-4228-ab5f-fd847d7a3cc9|2-1#2","","2026-09-19","09:00 am","Group 3 (B vs. D)","singles","9af43684-6c7b-4249-a329-d420620d7968|27342","9af43684-6c7b-4249-a329-d420620d7968|69735","fptm|27342","fptm|69735","9af43684-6c7b-4249-a329-d420620d7968|27342","9af43684-6c7b-4249-a329-d420620d7968|69735","fptm|27342","fptm|69735","10,10,3","12-10,12-10,11-3","9af43684-6c7b-4249-a329-d420620d7968|division-3","Division 3","5acc1a8e-4e4f-4228-ab5f-fd847d7a3cc9","Fase de Grupos","Rosa Lopez, Yaviel","Ramos Dipiní, Dereck","Los Pimponeros","Los Caballitos","2"
"6cff8347-d017-41e8-90ce-b00b08b8033e|3-0#1","","2026-09-19","09:00 am","Group 4 (A vs. C)","singles","9af43684-6c7b-4249-a329-d420620d7968|51245","9af43684-6c7b-4249-a329-d420620d7968|30730","fptm|51245","fptm|30730","9af43684-6c7b-4249-a329-d420620d7968|51245","9af43684-6c7b-4249-a329-d420620d7968|30730","fptm|51245","fptm|30730","6,5,-10,6","11-6,11-5,10-12,11-6","9af43684-6c7b-4249-a329-d420620d7968|division-2","Division 2","6cff8347-d017-41e8-90ce-b00b08b8033e","Fase de Grupos","Torres Ortega, Johnell","Cintron Matos, Oscar","Las Leyendas","Smash Bros PR","1"
"6cff8347-d017-41e8-90ce-b00b08b8033e|3-0#2","","2026-09-19","09:00 am","Group 4 (A vs. C)","singles","9af43684-6c7b-4249-a329-d420620d7968|80284","9af43684-6c7b-4249-a329-d420620d7968|58520","fptm|80284","fptm|58520","9af43684-6c7b-4249-a329-d420620d7968|80284","9af43684-6c7b-4249-a329-d420620d7968|58520","fptm|80284","fptm|58520","4,6,-8,4","11-4,11-6,8-11,11-4","9af43684-6c7b-4249-a329-d420620d7968|division-2","Division 2","6cff8347-d017-41e8-90ce-b00b08b8033e","Fase de Grupos","Davila Gonzalez, Naim","Matos Ortiz, Pedro","Las Leyendas","Smash Bros PR","2"
"6cff8347-d017-41e8-90ce-b00b08b8033e|2-0#1","","2026-09-19","09:00 am","Group 3 (A vs. C)","singles","9af43684-6c7b-4249-a329-d420620d7968|51347","9af43684-6c7b-4249-a329-d420620d7968|91959","fptm|51347","fptm|91959","9af43684-6c7b-4249-a329-d420620d7968|51347","9af43684-6c7b-4249-a329-d420620d7968|91959","fptm|51347","fptm|91959","9,-6,10,7","11-9,6-11,12-10,11-7","9af43684-6c7b-4249-a329-d420620d7968|division-2","Division 2","6cff8347-d017-41e8-90ce-b00b08b8033e","Fase de Grupos","Vega Rodriguez, Joseph","Vega Rodriguez, Jednniel","Súper Vega Brothers","LOS OLÍMPICOS DE TEMU","1"
"6cff8347-d017-41e8-90ce-b00b08b8033e|2-0#2","","2026-09-19","09:00 am","Group 3 (A vs. C)","singles","9af43684-6c7b-4249-a329-d420620d7968|32431","9af43684-6c7b-4249-a329-d420620d7968|99166","fptm|32431","fptm|99166","9af43684-6c7b-4249-a329-d420620d7968|32431","9af43684-6c7b-4249-a329-d420620d7968|99166","fptm|32431","fptm|99166","6,-9,9,-10,5","11-6,9-11,11-9,10-12,11-5","9af43684-6c7b-4249-a329-d420620d7968|division-2","Division 2","6cff8347-d017-41e8-90ce-b00b08b8033e","Fase de Grupos","Vega Rodriguez, Yaniel","Gonzalez Maldonado, Yeniel","Súper Vega Brothers","LOS OLÍMPICOS DE TEMU","2"
"6cff8347-d017-41e8-90ce-b00b08b8033e|1-0#1","","2026-09-19","09:00 am","Group 2 (A vs. C)","singles","9af43684-6c7b-4249-a329-d420620d7968|84341","9af43684-6c7b-4249-a329-d420620d7968|37869","fptm|84341","fptm|37869","9af43684-6c7b-4249-a329-d420620d7968|84341","9af43684-6c7b-4249-a329-d420620d7968|37869","fptm|84341","fptm|37869","7,9,-10,-4,8","11-7,11-9,10-12,4-11,11-8","9af43684-6c7b-4249-a329-d420620d7968|division-2","Division 2","6cff8347-d017-41e8-90ce-b00b08b8033e","Fase de Grupos","Aponte Rivera, Ariana","Pietri Rivera, Diego","Los hijos de ECEDAO","Los Pelus","1"
"6cff8347-d017-41e8-90ce-b00b08b8033e|1-0#2","","2026-09-19","09:00 am","Group 2 (A vs. C)","singles","9af43684-6c7b-4249-a329-d420620d7968|92240","9af43684-6c7b-4249-a329-d420620d7968|76540","fptm|92240","fptm|76540","9af43684-6c7b-4249-a329-d420620d7968|92240","9af43684-6c7b-4249-a329-d420620d7968|76540","fptm|92240","fptm|76540","6,6,9","11-6,11-6,11-9","9af43684-6c7b-4249-a329-d420620d7968|division-2","Division 2","6cff8347-d017-41e8-90ce-b00b08b8033e","Fase de Grupos","Hernandez Torres, Elier","Lozada Virella, Aiden","Los hijos de ECEDAO","Los Pelus","2"
"6cff8347-d017-41e8-90ce-b00b08b8033e|0-0#1","","2026-09-19","09:00 am","Group 1 (A vs. C)","singles","9af43684-6c7b-4249-a329-d420620d7968|93320","9af43684-6c7b-4249-a329-d420620d7968|15695","fptm|93320","fptm|15695","9af43684-6c7b-4249-a329-d420620d7968|15695","9af43684-6c7b-4249-a329-d420620d7968|93320","fptm|15695","fptm|93320","-6,6,5,6","6-11,11-6,11-5,11-6","9af43684-6c7b-4249-a329-d420620d7968|division-2","Division 2","6cff8347-d017-41e8-90ce-b00b08b8033e","Fase de Grupos","Cora Rodriguez, Raymond","Mejias Vazquez, Jesus","Jesus Mejias Vazquez / Jeriel Torres Rivera","Doble impacto","1"
"6cff8347-d017-41e8-90ce-b00b08b8033e|0-0#2","","2026-09-19","09:00 am","Group 1 (A vs. C)","singles","9af43684-6c7b-4249-a329-d420620d7968|93227","9af43684-6c7b-4249-a329-d420620d7968|42953","fptm|93227","fptm|42953","9af43684-6c7b-4249-a329-d420620d7968|93227","9af43684-6c7b-4249-a329-d420620d7968|42953","fptm|93227","fptm|42953","5,7,9","11-5,11-7,11-9","9af43684-6c7b-4249-a329-d420620d7968|division-2","Division 2","6cff8347-d017-41e8-90ce-b00b08b8033e","Fase de Grupos","Torres Rivera, Jeriel","Rosario Fersola, Salvador","Jesus Mejias Vazquez / Jeriel Torres Rivera","Doble impacto","2"
"6cff8347-d017-41e8-90ce-b00b08b8033e|0-0#4","","2026-09-19","09:00 am","Group 1 (A vs. C)","singles","9af43684-6c7b-4249-a329-d420620d7968|93227","9af43684-6c7b-4249-a329-d420620d7968|15695","fptm|93227","fptm|15695","9af43684-6c7b-4249-a329-d420620d7968|93227","9af43684-6c7b-4249-a329-d420620d7968|15695","fptm|93227","fptm|15695","-8,8,-5,8,6","8-11,11-8,5-11,11-8,11-6","9af43684-6c7b-4249-a329-d420620d7968|division-2","Division 2","6cff8347-d017-41e8-90ce-b00b08b8033e","Fase de Grupos","Torres Rivera, Jeriel","Cora Rodriguez, Raymond","Jesus Mejias Vazquez / Jeriel Torres Rivera","Doble impacto","4"
"661c2a29-9e78-4a41-9fff-92e6d1cfd876|1-0#1","","2026-09-19","09:00 am","Group 2 (A vs. C)","singles","9af43684-6c7b-4249-a329-d420620d7968|42098","9af43684-6c7b-4249-a329-d420620d7968|57400","fptm|42098","fptm|57400","9af43684-6c7b-4249-a329-d420620d7968|42098","9af43684-6c7b-4249-a329-d420620d7968|57400","fptm|42098","fptm|57400","-7,2,3,4","7-11,11-2,11-3,11-4","9af43684-6c7b-4249-a329-d420620d7968|division-1","Division 1","661c2a29-9e78-4a41-9fff-92e6d1cfd876","Fase de Grupos","Mena Sigler, Brian","Pedraza Del Valle, Sebastian","Los Casi Profesionales","Los machuca PR","1"
"661c2a29-9e78-4a41-9fff-92e6d1cfd876|1-0#2","","2026-09-19","09:00 am","Group 2 (A vs. C)","singles","9af43684-6c7b-4249-a329-d420620d7968|14165","9af43684-6c7b-4249-a329-d420620d7968|30926","fptm|14165","fptm|30926","9af43684-6c7b-4249-a329-d420620d7968|30926","9af43684-6c7b-4249-a329-d420620d7968|14165","fptm|30926","fptm|14165","-7,8,10,10","7-11,11-8,12-10,12-10","9af43684-6c7b-4249-a329-d420620d7968|division-1","Division 1","661c2a29-9e78-4a41-9fff-92e6d1cfd876","Fase de Grupos","Melendez Lafontaine, Angel","Melendez Lafontaine, Kristal","Los Casi Profesionales","Los machuca PR","2"
"661c2a29-9e78-4a41-9fff-92e6d1cfd876|1-0#4","","2026-09-19","09:00 am","Group 2 (A vs. C)","singles","9af43684-6c7b-4249-a329-d420620d7968|14165","9af43684-6c7b-4249-a329-d420620d7968|57400","fptm|14165","fptm|57400","9af43684-6c7b-4249-a329-d420620d7968|14165","9af43684-6c7b-4249-a329-d420620d7968|57400","fptm|14165","fptm|57400","8,6,6","11-8,11-6,11-6","9af43684-6c7b-4249-a329-d420620d7968|division-1","Division 1","661c2a29-9e78-4a41-9fff-92e6d1cfd876","Fase de Grupos","Melendez Lafontaine, Kristal","Pedraza Del Valle, Sebastian","Los Casi Profesionales","Los machuca PR","4"
"661c2a29-9e78-4a41-9fff-92e6d1cfd876|0-0#1","","2026-09-19","09:00 am","Group 1 (A vs. C)","singles","9af43684-6c7b-4249-a329-d420620d7968|24592","9af43684-6c7b-4249-a329-d420620d7968|76237","fptm|24592","fptm|76237","9af43684-6c7b-4249-a329-d420620d7968|24592","9af43684-6c7b-4249-a329-d420620d7968|76237","fptm|24592","fptm|76237","","","9af43684-6c7b-4249-a329-d420620d7968|division-1","Division 1","661c2a29-9e78-4a41-9fff-92e6d1cfd876","Fase de Grupos","Montijo Rivera, Jerall","Cuadro Perez, Ryan","Jerall Montijo Rivera / Oscar Birriel Rivera","11/19","1"
"661c2a29-9e78-4a41-9fff-92e6d1cfd876|0-0#2","","2026-09-19","09:00 am","Group 1 (A vs. C)","singles","9af43684-6c7b-4249-a329-d420620d7968|21395","9af43684-6c7b-4249-a329-d420620d7968|68878","fptm|21395","fptm|68878","9af43684-6c7b-4249-a329-d420620d7968|21395","9af43684-6c7b-4249-a329-d420620d7968|68878","fptm|21395","fptm|68878","","","9af43684-6c7b-4249-a329-d420620d7968|division-1","Division 1","661c2a29-9e78-4a41-9fff-92e6d1cfd876","Fase de Grupos","Birriel Rivera, Oscar","Aviles Perez, Chrisnomar","Jerall Montijo Rivera / Oscar Birriel Rivera","11/19","2"
"5acc1a8e-4e4f-4228-ab5f-fd847d7a3cc9|6-0#1","","2026-09-19","09:00 am","Group 7 (A vs. C)","singles","9af43684-6c7b-4249-a329-d420620d7968|76542","9af43684-6c7b-4249-a329-d420620d7968|56438","fptm|76542","fptm|56438","9af43684-6c7b-4249-a329-d420620d7968|76542","9af43684-6c7b-4249-a329-d420620d7968|56438","fptm|76542","fptm|56438","7,6,-16,5","11-7,11-6,16-18,11-5","9af43684-6c7b-4249-a329-d420620d7968|division-3","Division 3","5acc1a8e-4e4f-4228-ab5f-fd847d7a3cc9","Fase de Grupos","Perez Ortiz, Onix","Nazario Colon, Carla","Fiorella y Onix","Peso Ligero","1"
"5acc1a8e-4e4f-4228-ab5f-fd847d7a3cc9|6-0#2","","2026-09-19","09:00 am","Group 7 (A vs. C)","singles","9af43684-6c7b-4249-a329-d420620d7968|98259","9af43684-6c7b-4249-a329-d420620d7968|34914","fptm|98259","fptm|34914","9af43684-6c7b-4249-a329-d420620d7968|98259","9af43684-6c7b-4249-a329-d420620d7968|34914","fptm|98259","fptm|34914","9,6,8","11-9,11-6,11-8","9af43684-6c7b-4249-a329-d420620d7968|division-3","Division 3","5acc1a8e-4e4f-4228-ab5f-fd847d7a3cc9","Fase de Grupos","Frye Santiago, Fiorella","Maymi Pietri, Adrian","Fiorella y Onix","Peso Ligero","2"
"5acc1a8e-4e4f-4228-ab5f-fd847d7a3cc9|4-0#1","","2026-09-19","09:00 am","Group 5 (A vs. C)","singles","9af43684-6c7b-4249-a329-d420620d7968|71348","9af43684-6c7b-4249-a329-d420620d7968|70637","fptm|71348","fptm|70637","9af43684-6c7b-4249-a329-d420620d7968|71348","9af43684-6c7b-4249-a329-d420620d7968|70637","fptm|71348","fptm|70637","2,5,6","11-2,11-5,11-6","9af43684-6c7b-4249-a329-d420620d7968|division-3","Division 3","5acc1a8e-4e4f-4228-ab5f-fd847d7a3cc9","Fase de Grupos","Ofarril Correa, Candido","Rivera Candelario, Ana","Angel Perez Toro / Candido Ofarril Correa","Pequeñas Gigantes","1"
"5acc1a8e-4e4f-4228-ab5f-fd847d7a3cc9|4-0#2","","2026-09-19","09:00 am","Group 5 (A vs. C)","singles","9af43684-6c7b-4249-a329-d420620d7968|17944","9af43684-6c7b-4249-a329-d420620d7968|22224","fptm|17944","fptm|22224","9af43684-6c7b-4249-a329-d420620d7968|17944","9af43684-6c7b-4249-a329-d420620d7968|22224","fptm|17944","fptm|22224","2,2,3","11-2,11-2,11-3","9af43684-6c7b-4249-a329-d420620d7968|division-3","Division 3","5acc1a8e-4e4f-4228-ab5f-fd847d7a3cc9","Fase de Grupos","Perez Toro, Angel","Vazquez Morales, Catalina","Angel Perez Toro / Candido Ofarril Correa","Pequeñas Gigantes","2"
"5acc1a8e-4e4f-4228-ab5f-fd847d7a3cc9|3-0#1","","2026-09-19","09:00 am","Group 4 (A vs. C)","singles","9af43684-6c7b-4249-a329-d420620d7968|38016","9af43684-6c7b-4249-a329-d420620d7968|77391","fptm|38016","fptm|77391","9af43684-6c7b-4249-a329-d420620d7968|38016","9af43684-6c7b-4249-a329-d420620d7968|77391","fptm|38016","fptm|77391","9,-8,8,20","11-9,8-11,11-8,22-20","9af43684-6c7b-4249-a329-d420620d7968|division-3","Division 3","5acc1a8e-4e4f-4228-ab5f-fd847d7a3cc9","Fase de Grupos","Rosado Rodriguez, Karellys","Perez Collazo, Matteo","Dora y Botas","Los baby’s","1"
"5acc1a8e-4e4f-4228-ab5f-fd847d7a3cc9|3-0#2","","2026-09-19","09:00 am","Group 4 (A vs. C)","singles","9af43684-6c7b-4249-a329-d420620d7968|73699","9af43684-6c7b-4249-a329-d420620d7968|56025","fptm|73699","fptm|56025","9af43684-6c7b-4249-a329-d420620d7968|73699","9af43684-6c7b-4249-a329-d420620d7968|56025","fptm|73699","fptm|56025","8,8,3","11-8,11-8,11-3","9af43684-6c7b-4249-a329-d420620d7968|division-3","Division 3","5acc1a8e-4e4f-4228-ab5f-fd847d7a3cc9","Fase de Grupos","Mejias Puente, Francisco","Torres Montero, Hector","Dora y Botas","Los baby’s","2"
"5acc1a8e-4e4f-4228-ab5f-fd847d7a3cc9|2-0#1","","2026-09-19","09:00 am","Group 3 (A vs. C)","singles","9af43684-6c7b-4249-a329-d420620d7968|95180","9af43684-6c7b-4249-a329-d420620d7968|36158","fptm|95180","fptm|36158","9af43684-6c7b-4249-a329-d420620d7968|95180","9af43684-6c7b-4249-a329-d420620d7968|36158","fptm|95180","fptm|36158","9,7,3","11-9,11-7,11-3","9af43684-6c7b-4249-a329-d420620d7968|division-3","Division 3","5acc1a8e-4e4f-4228-ab5f-fd847d7a3cc9","Fase de Grupos","Garcia Ramos, Ian","Rodriguez Laboy, Santos","R2D2 y C3PO","Ping y Pong 🏓","1"
"5acc1a8e-4e4f-4228-ab5f-fd847d7a3cc9|2-0#2","","2026-09-19","09:00 am","Group 3 (A vs. C)","singles","9af43684-6c7b-4249-a329-d420620d7968|74042","9af43684-6c7b-4249-a329-d420620d7968|13248","fptm|74042","fptm|13248","9af43684-6c7b-4249-a329-d420620d7968|74042","9af43684-6c7b-4249-a329-d420620d7968|13248","fptm|74042","fptm|13248","8,7,4","11-8,11-7,11-4","9af43684-6c7b-4249-a329-d420620d7968|division-3","Division 3","5acc1a8e-4e4f-4228-ab5f-fd847d7a3cc9","Fase de Grupos","Medina Diaz, Carlos","Roldan Richards, Adrian","R2D2 y C3PO","Ping y Pong 🏓","2"
"5acc1a8e-4e4f-4228-ab5f-fd847d7a3cc9|2-0#4","","2026-09-19","09:00 am","Group 3 (A vs. C)","singles","9af43684-6c7b-4249-a329-d420620d7968|95180","9af43684-6c7b-4249-a329-d420620d7968|13248","fptm|95180","fptm|13248","9af43684-6c7b-4249-a329-d420620d7968|95180","9af43684-6c7b-4249-a329-d420620d7968|13248","fptm|95180","fptm|13248","-10,7,8,7","10-12,11-7,11-8,11-7","9af43684-6c7b-4249-a329-d420620d7968|division-3","Division 3","5acc1a8e-4e4f-4228-ab5f-fd847d7a3cc9","Fase de Grupos","Garcia Ramos, Ian","Roldan Richards, Adrian","R2D2 y C3PO","Ping y Pong 🏓","4"
"5acc1a8e-4e4f-4228-ab5f-fd847d7a3cc9|0-0#1","","2026-09-19","09:00 am","Group 1 (A vs. C)","singles","9af43684-6c7b-4249-a329-d420620d7968|50857","9af43684-6c7b-4249-a329-d420620d7968|25860","fptm|50857","fptm|25860","9af43684-6c7b-4249-a329-d420620d7968|50857","9af43684-6c7b-4249-a329-d420620d7968|25860","fptm|50857","fptm|25860","6,7,9","11-6,11-7,11-9","9af43684-6c7b-4249-a329-d420620d7968|division-3","Division 3","5acc1a8e-4e4f-4228-ab5f-fd847d7a3cc9","Fase de Grupos","Cortes Guerrero, Dante","Hernandez Torres, Jabniel","Los Taki","Villalba Team??","1"
"5acc1a8e-4e4f-4228-ab5f-fd847d7a3cc9|0-0#2","","2026-09-19","09:00 am","Group 1 (A vs. C)","singles","9af43684-6c7b-4249-a329-d420620d7968|72296","9af43684-6c7b-4249-a329-d420620d7968|69929","fptm|72296","fptm|69929","9af43684-6c7b-4249-a329-d420620d7968|72296","9af43684-6c7b-4249-a329-d420620d7968|69929","fptm|72296","fptm|69929","10,-9,10,9","12-10,9-11,12-10,11-9","9af43684-6c7b-4249-a329-d420620d7968|division-3","Division 3","5acc1a8e-4e4f-4228-ab5f-fd847d7a3cc9","Fase de Grupos","Lopez Rodriguez, Carlos","Vazquez Colon, Abrihana","Los Taki","Villalba Team??","2"
